Iteration,Sim_0,Sim_1,Sim_2,Sim_3,Sim_4,Sim_5,Sim_6,Sim_7,Sim_8,Sim_9,Sim_10,Sim_11,Sim_12,Sim_13,Sim_14,Sim_15,Sim_16,Sim_17,Sim_18,Sim_19,Sim_20,Sim_21,Sim_22,Sim_23,Sim_24,Sim_25,Sim_26,Sim_27,Sim_28,Sim_29,Sim_30,Sim_31,Sim_32,Sim_33,Sim_34,Sim_35,Sim_36,Sim_37,Sim_38,Sim_39,Sim_40,Sim_41,Sim_42,Sim_43,Sim_44,Sim_45,Sim_46,Sim_47,Sim_48,Sim_49,Sim_50,Sim_51,Sim_52,Sim_53,Sim_54,Sim_55,Sim_56,Sim_57,Sim_58,Sim_59,Sim_60,Sim_61,Sim_62,Sim_63,Sim_64,Sim_65,Sim_66,Sim_67,Sim_68,Sim_69,Sim_70,Sim_71,Sim_72,Sim_73,Sim_74,Sim_75,Sim_76,Sim_77,Sim_78,Sim_79,Sim_80,Sim_81,Sim_82,Sim_83,Sim_84,Sim_85,Sim_86,Sim_87,Sim_88,Sim_89,Sim_90,Sim_91,Sim_92,Sim_93,Sim_94,Sim_95,Sim_96,Sim_97,Sim_98,Sim_99
0,[55.0],[82.0],[3.0],[7.0],[55.0],[78.0],[82.0],[13.0],[6.0],[48.0],[23.0],[12.0],[55.0],[7.0],[59.0],[22.0],[41.0],[102.0],[7.0],[38.0],[8.0],[82.0],[13.0],[6.0],[37.0],[102.0],[1.0],[13.0],[7.0],[3.0],[3.0],[55.0],[97.0],[102.0],[6.0],[31.0],[22.0],[78.0],[3.0],[3.0],[48.0],[89.0],[55.0],[7.0],[14.0],[39.0],[55.0],[6.0],[51.0],[59.0],[55.0],[37.0],[101.0],[7.0],[41.0],[55.0],[16.0],[7.0],[11.0],[68.0],[13.0],[78.0],[13.0],[92.0],[13.0],[92.0],[94.0],[90.0],[59.0],[52.0],[38.0],[38.0],[3.0],[6.0],[48.0],[59.0],[7.0],[3.0],[8.0],[55.0],[3.0],[84.0],[14.0],[52.0],[13.0],[66.0],[7.0],[92.0],[3.0],[55.0],[52.0],[3.0],[37.0],[6.0],[8.0],[3.0],[67.0],[78.0],[22.0],[22.0]
1,[7.0],[6.0],[59.0],[92.0],[8.0],[37.0],[51.0],[7.0],[52.0],[13.0],[82.0],[69.0],[6.0],[37.0],[6.0],[13.0],[8.0],[83.0],[31.0],[13.0],[68.0],[65.0],[48.0],[7.0],[3.0],[59.0],[102.0],[7.0],[13.0],[59.0],[14.0],[7.0],[40.0],[7.0],[59.0],[76.0],[78.0],[55.0],[13.0],[98.0],[7.0],[87.0],[48.0],[23.0],[59.0],[8.0],[6.0],[67.0],[59.0],[14.0],[6.0],[7.0],[34.0],[3.0],[93.0],[3.0],[48.0],[22.0],[6.0],[67.0],[93.0],[55.0],[3.0],[76.0],[59.0],[48.0],[55.0],[6.0],[66.0],[3.0],[3.0],[101.0],[102.0],[66.0],[84.0],[55.0],[13.0],[13.0],[78.0],[14.0],[92.0],[59.0],[23.0],[13.0],[6.0],[22.0],[3.0],[3.0],[7.0],[8.0],[13.0],[34.0],[8.0],[13.0],[59.0],[48.0],[93.0],[6.0],[6.0],[78.0]
2,[6.0],[22.0],[93.0],[13.0],[6.0],[48.0],[13.0],[80.0],[13.0],[3.0],[3.0],[3.0],[84.0],[3.0],[12.0],[92.0],[93.0],[7.0],[81.0],[37.0],[48.0],[78.0],[52.0],[67.0],[13.0],[37.0],[66.0],[44.0],[92.0],[37.0],[52.0],[68.0],[55.0],[13.0],[8.0],[6.0],[67.0],[7.0],[67.0],[55.0],[66.0],[3.0],[7.0],[48.0],[51.0],[48.0],[34.0],[78.0],[78.0],[38.0],[68.0],[40.0],[78.0],[55.0],[78.0],[93.0],[11.0],[92.0],[67.0],[48.0],[34.0],[7.0],[22.0],[3.0],[3.0],[93.0],[6.0],[8.0],[3.0],[13.0],[13.0],[7.0],[8.0],[48.0],[34.0],[68.0],[102.0],[48.0],[93.0],[3.0],[65.0],[7.0],[67.0],[8.0],[55.0],[3.0],[23.0],[7.0],[59.0],[92.0],[3.0],[48.0],[14.0],[92.0],[38.0],[59.0],[78.0],[59.0],[13.0],[34.0]
3,[13.0],[92.0],[92.0],[55.0],[13.0],[3.0],[55.0],[59.0],[92.0],[66.0],[59.0],[14.0],[58.0],[102.0],[55.0],[3.0],[3.0],[66.0],[13.0],[4.0],[66.0],[22.0],[23.0],[55.0],[102.0],[3.0],[98.0],[59.0],[55.0],[102.0],[13.0],[13.0],[7.0],[6.0],[78.0],[59.0],[59.0],[14.0],[7.0],[68.0],[31.0],[67.0],[3.0],[67.0],[8.0],[34.0],[78.0],[7.0],[37.0],[93.0],[59.0],[59.0],[7.0],[41.0],[92.0],[67.0],[59.0],[13.0],[37.0],[6.0],[69.0],[44.0],[92.0],[48.0],[37.0],[3.0],[78.0],[22.0],[55.0],[11.0],[7.0],[79.0],[37.0],[37.0],[13.0],[3.0],[69.0],[66.0],[92.0],[7.0],[82.0],[91.0],[7.0],[48.0],[48.0],[68.0],[13.0],[37.0],[93.0],[3.0],[65.0],[68.0],[2.0],[7.0],[13.0],[55.0],[6.0],[67.0],[7.0],[13.0]
4,[84.0],[13.0],[13.0],[67.0],[78.0],[39.0],[66.0],[51.0],[7.0],[92.0],[13.0],[59.0],[100.0],[14.0],[67.0],[48.0],[78.0],[67.0],[23.0],[32.0],[14.0],[31.0],[97.0],[48.0],[66.0],[13.0],[78.0],[23.0],[66.0],[7.0],[37.0],[6.0],[78.0],[11.0],[22.0],[18.0],[92.0],[6.0],[92.0],[13.0],[14.0],[34.0],[66.0],[41.0],[16.0],[93.0],[67.0],[37.0],[13.0],[102.0],[78.0],[68.0],[11.0],[69.0],[13.0],[7.0],[93.0],[4.0],[102.0],[59.0],[10.0],[13.0],[8.0],[59.0],[66.0],[66.0],[11.0],[34.0],[78.0],[23.0],[37.0],[44.0],[43.0],[68.0],[31.0],[11.0],[66.0],[37.0],[23.0],[78.0],[23.0],[44.0],[63.0],[55.0],[34.0],[95.0],[41.0],[13.0],[67.0],[76.0],[82.0],[13.0],[81.0],[55.0],[101.0],[27.0],[7.0],[40.0],[11.0],[11.0]
5,[66.0],[59.0],[67.0],[48.0],[59.0],[63.0],[15.0],[66.0],[41.0],[59.0],[11.0],[18.0],[35.0],[78.0],[26.0],[52.0],[13.0],[59.0],[14.0],[67.0],[23.0],[67.0],[66.0],[102.0],[28.0],[87.0],[41.0],[48.0],[34.0],[78.0],[97.0],[48.0],[10.0],[67.0],[66.0],[14.0],[6.0],[59.0],[41.0],[7.0],[37.0],[79.0],[67.0],[81.0],[98.0],[68.0],[61.0],[98.0],[7.0],[22.0],[102.0],[93.0],[67.0],[66.0],[37.0],[13.0],[14.0],[6.0],[48.0],[18.0],[48.0],[98.0],[32.0],[99.0],[31.0],[81.0],[13.0],[78.0],[13.0],[59.0],[67.0],[48.0],[55.0],[98.0],[67.0],[40.0],[61.0],[97.0],[48.0],[11.0],[55.0],[66.0],[6.0],[68.0],[98.0],[69.0],[102.0],[78.0],[26.0],[18.0],[48.0],[67.0],[18.0],[67.0],[23.0],[66.0],[23.0],[27.0],[59.0],[82.0]
6,[10.0],[40.0],[66.0],[4.0],[66.0],[58.0],[61.0],[93.0],[11.0],[78.0],[102.0],[26.0],[51.0],[40.0],[69.0],[59.0],[67.0],[68.0],[51.0],[95.0],[3.0],[99.0],[7.0],[59.0],[18.0],[56.0],[48.0],[10.0],[48.0],[13.0],[66.0],[66.0],[6.0],[78.0],[40.0],[87.0],[14.0],[48.0],[66.0],[59.0],[67.0],[26.0],[11.0],[92.0],[31.0],[13.0],[82.0],[11.0],[67.0],[48.0],[14.0],[67.0],[86.0],[20.0],[67.0],[101.0],[68.0],[48.0],[59.0],[89.0],[8.0],[67.0],[69.0],[8.0],[79.0],[7.0],[25.0],[18.0],[11.0],[18.0],[92.0],[67.0],[15.0],[40.0],[11.0],[102.0],[26.0],[8.0],[66.0],[51.0],[32.0],[92.0],[11.0],[87.0],[38.0],[102.0],[24.0],[48.0],[13.0],[59.0],[40.0],[59.0],[102.0],[10.0],[78.0],[93.0],[102.0],[61.0],[93.0],[48.0]
7,[34.0],[51.0],[52.0],[10.0],[48.0],[30.0],[34.0],[34.0],[102.0],[68.0],[27.0],[24.0],[13.0],[48.0],[66.0],[98.0],[74.0],[98.0],[27.0],[10.0],[72.0],[11.0],[67.0],[38.0],[11.0],[65.0],[13.0],[18.0],[78.0],[11.0],[40.0],[52.0],[37.0],[66.0],[93.0],[81.0],[93.0],[66.0],[57.0],[40.0],[6.0],[10.0],[102.0],[68.0],[66.0],[55.0],[93.0],[102.0],[40.0],[78.0],[89.0],[79.0],[21.0],[17.0],[7.0],[11.0],[82.0],[102.0],[87.0],[8.0],[59.0],[91.0],[66.0],[14.0],[18.0],[67.0],[92.0],[59.0],[69.0],[40.0],[59.0],[59.0],[48.0],[13.0],[98.0],[79.0],[67.0],[18.0],[40.0],[44.0],[83.0],[40.0],[95.0],[59.0],[67.0],[86.0],[66.0],[59.0],[10.0],[10.0],[100.0],[102.0],[61.0],[48.0],[11.0],[67.0],[65.0],[66.0],[67.0],[67.0]
8,[67.0],[67.0],[24.0],[51.0],[82.0],[102.0],[52.0],[11.0],[18.0],[102.0],[78.0],[19.0],[66.0],[67.0],[13.0],[14.0],[73.0],[11.0],[3.0],[24.0],[61.0],[6.0],[54.0],[78.0],[98.0],[48.0],[6.0],[51.0],[68.0],[34.0],[67.0],[101.0],[13.0],[27.0],[35.0],[37.0],[5.0],[40.0],[37.0],[48.0],[81.0],[24.0],[37.0],[72.0],[34.0],[21.0],[11.0],[66.0],[10.0],[9.0],[24.0],[10.0],[48.0],[100.0],[68.0],[66.0],[67.0],[84.0],[66.0],[40.0],[101.0],[10.0],[59.0],[79.0],[14.0],[68.0],[37.0],[66.0],[25.0],[82.0],[20.0],[13.0],[59.0],[81.0],[59.0],[69.0],[11.0],[78.0],[101.0],[59.0],[99.0],[28.0],[59.0],[66.0],[102.0],[13.0],[56.0],[98.0],[66.0],[61.0],[27.0],[52.0],[63.0],[101.0],[102.0],[40.0],[55.0],[55.0],[34.0],[93.0]
9,[43.0],[44.0],[7.0],[66.0],[67.0],[55.0],[81.0],[44.0],[89.0],[55.0],[65.0],[55.0],[40.0],[55.0],[24.0],[40.0],[24.0],[14.0],[38.0],[20.0],[59.0],[59.0],[34.0],[14.0],[78.0],[42.0],[27.0],[31.0],[67.0],[66.0],[27.0],[10.0],[32.0],[20.0],[44.0],[17.0],[16.0],[53.0],[78.0],[67.0],[55.0],[14.0],[44.0],[63.0],[21.0],[59.0],[16.0],[14.0],[66.0],[67.0],[67.0],[55.0],[66.0],[102.0],[55.0],[40.0],[101.0],[66.0],[98.0],[66.0],[61.0],[16.0],[67.0],[18.0],[15.0],[14.0],[71.0],[35.0],[37.0],[67.0],[27.0],[95.0],[67.0],[52.0],[37.0],[67.0],[6.0],[102.0],[68.0],[98.0],[94.0],[19.0],[44.0],[102.0],[41.0],[41.0],[11.0],[68.0],[92.0],[16.0],[67.0],[11.0],[55.0],[66.0],[15.0],[7.0],[10.0],[14.0],[78.0],[59.0]
10,[25.0],[48.0],[68.0],[37.0],[24.0],[67.0],[83.0],[68.0],[44.0],[6.0],[34.0],[66.0],[68.0],[93.0],[87.0],[68.0],[10.0],[48.0],[19.0],[55.0],[40.0],[14.0],[59.0],[52.0],[40.0],[67.0],[73.0],[66.0],[10.0],[55.0],[15.0],[37.0],[59.0],[24.0],[5.0],[93.0],[66.0],[37.0],[1.0],[37.0],[61.0],[52.0],[14.0],[14.0],[13.0],[79.0],[59.0],[40.0],[48.0],[26.0],[7.0],[61.0],[14.0],[37.0],[101.0],[37.0],[19.0],[40.0],[61.0],[72.0],[52.0],[26.0],[5.0],[13.0],[63.0],[101.0],[101.0],[27.0],[67.0],[28.0],[55.0],[5.0],[78.0],[102.0],[66.0],[13.0],[55.0],[14.0],[5.0],[37.0],[11.0],[52.0],[24.0],[61.0],[5.0],[52.0],[67.0],[61.0],[34.0],[66.0],[61.0],[24.0],[93.0],[59.0],[52.0],[92.0],[51.0],[87.0],[92.0],[1.0]
11,[18.0],[68.0],[34.0],[68.0],[97.0],[94.0],[26.0],[67.0],[35.0],[14.0],[61.0],[102.0],[37.0],[52.0],[37.0],[66.0],[51.0],[53.0],[6.0],[53.0],[97.0],[17.0],[68.0],[99.0],[67.0],[53.0],[8.0],[93.0],[69.0],[15.0],[61.0],[97.0],[16.0],[33.0],[67.0],[28.0],[17.0],[19.0],[10.0],[66.0],[11.0],[66.0],[24.0],[11.0],[48.0],[37.0],[66.0],[59.0],[55.0],[18.0],[61.0],[13.0],[68.0],[67.0],[48.0],[102.0],[70.0],[51.0],[73.0],[33.0],[66.0],[48.0],[68.0],[66.0],[68.0],[35.0],[16.0],[98.0],[68.0],[15.0],[15.0],[14.0],[73.0],[61.0],[6.0],[37.0],[98.0],[52.0],[13.0],[24.0],[16.0],[49.0],[65.0],[6.0],[37.0],[15.0],[91.0],[69.0],[15.0],[69.0],[63.0],[78.0],[83.0],[37.0],[61.0],[13.0],[25.0],[24.0],[101.0],[69.0]
12,[93.0],[93.0],[83.0],[35.0],[18.0],[10.0],[67.0],[3.0],[61.0],[52.0],[52.0],[67.0],[53.0],[13.0],[40.0],[18.0],[60.0],[18.0],[59.0],[18.0],[49.0],[86.0],[10.0],[13.0],[34.0],[55.0],[93.0],[34.0],[101.0],[30.0],[102.0],[67.0],[88.0],[98.0],[60.0],[60.0],[82.0],[67.0],[0.0],[102.0],[59.0],[101.0],[34.0],[52.0],[67.0],[10.0],[37.0],[93.0],[97.0],[42.0],[12.0],[102.0],[93.0],[13.0],[14.0],[24.0],[66.0],[20.0],[24.0],[82.0],[81.0],[61.0],[60.0],[72.0],[61.0],[60.0],[7.0],[13.0],[34.0],[102.0],[51.0],[18.0],[51.0],[20.0],[52.0],[24.0],[20.0],[41.0],[67.0],[34.0],[18.0],[11.0],[52.0],[5.0],[24.0],[78.0],[51.0],[34.0],[101.0],[102.0],[93.0],[86.0],[10.0],[18.0],[90.0],[11.0],[13.0],[13.0],[48.0],[54.0]
13,[98.0],[101.0],[101.0],[20.0],[37.0],[32.0],[101.0],[101.0],[66.0],[10.0],[15.0],[9.0],[61.0],[15.0],[64.0],[63.0],[46.0],[70.0],[52.0],[92.0],[93.0],[93.0],[63.0],[15.0],[25.0],[61.0],[59.0],[14.0],[46.0],[68.0],[11.0],[34.0],[68.0],[14.0],[53.0],[13.0],[60.0],[98.0],[34.0],[20.0],[101.0],[102.0],[98.0],[3.0],[44.0],[101.0],[24.0],[36.0],[20.0],[52.0],[66.0],[24.0],[41.0],[91.0],[63.0],[14.0],[34.0],[94.0],[55.0],[102.0],[68.0],[65.0],[42.0],[52.0],[32.0],[34.0],[34.0],[25.0],[92.0],[44.0],[44.0],[102.0],[66.0],[11.0],[68.0],[9.0],[52.0],[4.0],[60.0],[48.0],[72.0],[78.0],[27.0],[43.0],[59.0],[53.0],[53.0],[89.0],[86.0],[37.0],[35.0],[54.0],[40.0],[68.0],[30.0],[37.0],[68.0],[93.0],[1.0],[68.0]
14,[41.0],[24.0],[43.0],[14.0],[5.0],[6.0],[63.0],[0.0],[55.0],[11.0],[55.0],[40.0],[24.0],[86.0],[52.0],[15.0],[86.0],[13.0],[55.0],[69.0],[5.0],[28.0],[85.0],[5.0],[17.0],[51.0],[18.0],[6.0],[37.0],[67.0],[19.0],[63.0],[51.0],[68.0],[16.0],[102.0],[28.0],[102.0],[61.0],[51.0],[68.0],[60.0],[13.0],[66.0],[18.0],[67.0],[27.0],[55.0],[18.0],[13.0],[41.0],[33.0],[35.0],[74.0],[86.0],[51.0],[42.0],[68.0],[14.0],[78.0],[20.0],[37.0],[52.0],[5.0],[7.0],[69.0],[65.0],[60.0],[33.0],[63.0],[68.0],[40.0],[34.0],[55.0],[54.0],[52.0],[93.0],[1.0],[14.0],[19.0],[27.0],[60.0],[60.0],[53.0],[68.0],[10.0],[74.0],[15.0],[52.0],[14.0],[15.0],[43.0],[98.0],[35.0],[65.0],[54.0],[48.0],[5.0],[14.0],[86.0]
15,[53.0],[18.0],[75.0],[54.0],[14.0],[11.0],[40.0],[33.0],[63.0],[40.0],[21.0],[52.0],[93.0],[54.0],[92.0],[60.0],[34.0],[75.0],[95.0],[7.0],[99.0],[60.0],[93.0],[21.0],[51.0],[54.0],[36.0],[52.0],[14.0],[96.0],[55.0],[93.0],[24.0],[44.0],[92.0],[25.0],[13.0],[24.0],[69.0],[15.0],[35.0],[93.0],[54.0],[102.0],[46.0],[14.0],[17.0],[16.0],[11.0],[98.0],[17.0],[101.0],[13.0],[34.0],[34.0],[60.0],[53.0],[15.0],[44.0],[14.0],[14.0],[63.0],[15.0],[40.0],[55.0],[83.0],[68.0],[5.0],[56.0],[61.0],[14.0],[12.0],[98.0],[96.0],[14.0],[101.0],[48.0],[93.0],[15.0],[18.0],[14.0],[68.0],[13.0],[35.0],[51.0],[101.0],[28.0],[54.0],[63.0],[60.0],[68.0],[14.0],[46.0],[14.0],[46.0],[15.0],[59.0],[17.0],[86.0],[52.0]
16,[20.0],[14.0],[55.0],[91.0],[34.0],[14.0],[86.0],[86.0],[96.0],[60.0],[44.0],[36.0],[34.0],[68.0],[101.0],[47.0],[35.0],[96.0],[101.0],[101.0],[18.0],[34.0],[60.0],[18.0],[97.0],[35.0],[32.0],[81.0],[75.0],[20.0],[68.0],[14.0],[66.0],[74.0],[20.0],[67.0],[55.0],[91.0],[14.0],[86.0],[27.0],[8.0],[41.0],[74.0],[68.0],[86.0],[14.0],[52.0],[35.0],[5.0],[96.0],[14.0],[61.0],[14.0],[52.0],[53.0],[74.0],[67.0],[13.0],[15.0],[67.0],[34.0],[14.0],[68.0],[67.0],[15.0],[53.0],[67.0],[101.0],[17.0],[53.0],[32.0],[32.0],[24.0],[36.0],[36.0],[34.0],[32.0],[86.0],[68.0],[34.0],[100.0],[75.0],[98.0],[91.0],[8.0],[35.0],[55.0],[61.0],[53.0],[59.0],[60.0],[59.0],[34.0],[3.0],[68.0],[101.0],[68.0],[19.0],[14.0]
17,[54.0],[19.0],[35.0],[27.0],[35.0],[99.0],[92.0],[92.0],[59.0],[95.0],[17.0],[35.0],[92.0],[35.0],[14.0],[79.0],[55.0],[55.0],[102.0],[14.0],[82.0],[53.0],[25.0],[97.0],[54.0],[34.0],[97.0],[19.0],[52.0],[73.0],[35.0],[44.0],[19.0],[61.0],[24.0],[86.0],[51.0],[44.0],[16.0],[14.0],[44.0],[53.0],[33.0],[13.0],[91.0],[64.0],[74.0],[13.0],[86.0],[32.0],[52.0],[86.0],[97.0],[83.0],[53.0],[86.0],[52.0],[14.0],[35.0],[98.0],[75.0],[14.0],[19.0],[32.0],[84.0],[58.0],[86.0],[68.0],[86.0],[14.0],[12.0],[46.0],[54.0],[35.0],[91.0],[21.0],[14.0],[15.0],[53.0],[89.0],[25.0],[67.0],[55.0],[18.0],[14.0],[35.0],[34.0],[35.0],[91.0],[82.0],[14.0],[75.0],[7.0],[69.0],[69.0],[86.0],[86.0],[54.0],[55.0],[19.0]
18,[17.0],[33.0],[14.0],[74.0],[102.0],[9.0],[14.0],[55.0],[83.0],[63.0],[40.0],[8.0],[7.0],[59.0],[35.0],[102.0],[14.0],[81.0],[40.0],[27.0],[67.0],[74.0],[40.0],[12.0],[68.0],[14.0],[52.0],[60.0],[35.0],[98.0],[90.0],[53.0],[75.0],[89.0],[18.0],[8.0],[76.0],[12.0],[59.0],[44.0],[102.0],[75.0],[74.0],[18.0],[19.0],[31.0],[48.0],[76.0],[68.0],[29.0],[37.0],[69.0],[74.0],[44.0],[59.0],[35.0],[44.0],[53.0],[75.0],[63.0],[84.0],[52.0],[44.0],[67.0],[34.0],[55.0],[51.0],[44.0],[74.0],[66.0],[86.0],[65.0],[16.0],[83.0],[74.0],[96.0],[54.0],[98.0],[51.0],[35.0],[67.0],[12.0],[35.0],[32.0],[18.0],[36.0],[89.0],[102.0],[14.0],[17.0],[12.0],[35.0],[67.0],[16.0],[87.0],[14.0],[14.0],[16.0],[69.0],[55.0]
19,[69.0],[102.0],[30.0],[93.0],[60.0],[13.0],[16.0],[40.0],[73.0],[32.0],[7.0],[74.0],[67.0],[10.0],[53.0],[64.0],[48.0],[33.0],[60.0],[68.0],[46.0],[68.0],[14.0],[61.0],[32.0],[96.0],[86.0],[98.0],[102.0],[75.0],[59.0],[75.0],[18.0],[52.0],[14.0],[74.0],[86.0],[27.0],[15.0],[12.0],[34.0],[18.0],[83.0],[60.0],[15.0],[35.0],[53.0],[74.0],[102.0],[54.0],[13.0],[27.0],[46.0],[68.0],[69.0],[75.0],[27.0],[32.0],[54.0],[21.0],[35.0],[93.0],[55.0],[6.0],[44.0],[53.0],[17.0],[93.0],[14.0],[54.0],[18.0],[54.0],[14.0],[14.0],[8.0],[14.0],[16.0],[61.0],[34.0],[102.0],[68.0],[21.0],[102.0],[97.0],[82.0],[76.0],[14.0],[11.0],[68.0],[67.0],[54.0],[40.0],[24.0],[53.0],[55.0],[74.0],[34.0],[8.0],[74.0],[74.0]
20,[12.0],[75.0],[102.0],[40.0],[53.0],[52.0],[59.0],[74.0],[15.0],[15.0],[93.0],[13.0],[19.0],[12.0],[5.0],[12.0],[59.0],[97.0],[61.0],[74.0],[35.0],[55.0],[44.0],[54.0],[6.0],[15.0],[63.0],[75.0],[9.0],[44.0],[44.0],[35.0],[52.0],[59.0],[27.0],[53.0],[68.0],[52.0],[44.0],[27.0],[83.0],[35.0],[59.0],[34.0],[87.0],[74.0],[68.0],[18.0],[82.0],[97.0],[36.0],[44.0],[16.0],[28.0],[27.0],[27.0],[30.0],[54.0],[52.0],[16.0],[82.0],[54.0],[87.0],[93.0],[100.0],[13.0],[44.0],[30.0],[40.0],[68.0],[35.0],[37.0],[86.0],[54.0],[63.0],[35.0],[53.0],[84.0],[27.0],[46.0],[13.0],[53.0],[81.0],[37.0],[52.0],[54.0],[55.0],[14.0],[16.0],[75.0],[44.0],[55.0],[75.0],[74.0],[36.0],[35.0],[74.0],[51.0],[18.0],[15.0]
21,[14.0],[86.0],[60.0],[32.0],[16.0],[91.0],[11.0],[14.0],[14.0],[98.0],[63.0],[73.0],[54.0],[61.0],[8.0],[9.0],[87.0],[76.0],[65.0],[40.0],[12.0],[102.0],[61.0],[51.0],[41.0],[19.0],[15.0],[35.0],[33.0],[52.0],[54.0],[40.0],[14.0],[16.0],[87.0],[51.0],[48.0],[75.0],[21.0],[30.0],[13.0],[55.0],[35.0],[35.0],[7.0],[63.0],[32.0],[35.0],[14.0],[12.0],[76.0],[75.0],[59.0],[59.0],[74.0],[19.0],[13.0],[27.0],[8.0],[54.0],[102.0],[75.0],[33.0],[54.0],[75.0],[44.0],[102.0],[33.0],[63.0],[74.0],[79.0],[53.0],[13.0],[63.0],[102.0],[74.0],[63.0],[91.0],[30.0],[82.0],[41.0],[3.0],[48.0],[20.0],[93.0],[34.0],[59.0],[63.0],[76.0],[86.0],[69.0],[89.0],[13.0],[102.0],[34.0],[32.0],[27.0],[76.0],[73.0],[61.0]
22,[40.0],[53.0],[40.0],[21.0],[30.0],[61.0],[7.0],[76.0],[68.0],[67.0],[29.0],[76.0],[28.0],[69.0],[63.0],[55.0],[32.0],[69.0],[68.0],[63.0],[13.0],[44.0],[102.0],[32.0],[19.0],[52.0],[82.0],[32.0],[42.0],[14.0],[69.0],[47.0],[76.0],[55.0],[55.0],[84.0],[102.0],[13.0],[76.0],[35.0],[53.0],[40.0],[61.0],[40.0],[55.0],[50.0],[86.0],[61.0],[93.0],[66.0],[16.0],[34.0],[55.0],[93.0],[32.0],[34.0],[78.0],[79.0],[91.0],[52.0],[27.0],[68.0],[53.0],[16.0],[54.0],[27.0],[12.0],[61.0],[76.0],[55.0],[21.0],[97.0],[92.0],[59.0],[61.0],[16.0],[68.0],[67.0],[87.0],[32.0],[35.0],[6.0],[34.0],[69.0],[66.0],[27.0],[19.0],[40.0],[75.0],[7.0],[53.0],[15.0],[53.0],[27.0],[53.0],[34.0],[32.0],[64.0],[16.0],[44.0]
23,[91.0],[55.0],[20.0],[53.0],[52.0],[44.0],[100.0],[35.0],[69.0],[75.0],[2.0],[47.0],[52.0],[20.0],[21.0],[32.0],[15.0],[21.0],[44.0],[52.0],[6.0],[13.0],[33.0],[63.0],[7.0],[74.0],[85.0],[53.0],[76.0],[1.0],[34.0],[32.0],[53.0],[34.0],[34.0],[66.0],[53.0],[30.0],[100.0],[18.0],[75.0],[13.0],[15.0],[83.0],[78.0],[87.0],[40.0],[25.0],[32.0],[69.0],[29.0],[35.0],[32.0],[52.0],[91.0],[30.0],[55.0],[55.0],[34.0],[97.0],[63.0],[69.0],[83.0],[7.0],[52.0],[30.0],[91.0],[40.0],[35.0],[34.0],[76.0],[61.0],[72.0],[33.0],[17.0],[63.0],[35.0],[40.0],[55.0],[40.0],[7.0],[30.0],[69.0],[14.0],[35.0],[21.0],[76.0],[96.0],[102.0],[68.0],[91.0],[96.0],[15.0],[63.0],[98.0],[44.0],[16.0],[63.0],[40.0],[17.0]
24,[81.0],[34.0],[76.0],[45.0],[76.0],[97.0],[68.0],[96.0],[86.0],[9.0],[90.0],[79.0],[33.0],[53.0],[76.0],[21.0],[19.0],[32.0],[73.0],[15.0],[52.0],[52.0],[91.0],[66.0],[14.0],[36.0],[67.0],[40.0],[21.0],[61.0],[76.0],[69.0],[12.0],[63.0],[52.0],[30.0],[64.0],[18.0],[26.0],[76.0],[30.0],[33.0],[76.0],[32.0],[54.0],[40.0],[13.0],[47.0],[74.0],[91.0],[86.0],[52.0],[76.0],[63.0],[21.0],[18.0],[102.0],[5.0],[79.0],[35.0],[3.0],[35.0],[35.0],[33.0],[53.0],[52.0],[52.0],[12.0],[16.0],[64.0],[66.0],[82.0],[52.0],[97.0],[40.0],[34.0],[40.0],[54.0],[18.0],[4.0],[6.0],[0.0],[53.0],[67.0],[61.0],[55.0],[36.0],[16.0],[40.0],[28.0],[55.0],[61.0],[86.0],[30.0],[96.0],[61.0],[97.0],[53.0],[53.0],[40.0]
25,[92.0],[52.0],[15.0],[3.0],[93.0],[82.0],[0.0],[52.0],[54.0],[82.0],[67.0],[15.0],[14.0],[97.0],[91.0],[82.0],[96.0],[19.0],[0.0],[81.0],[102.0],[7.0],[78.0],[17.0],[55.0],[7.0],[54.0],[55.0],[30.0],[16.0],[53.0],[18.0],[61.0],[35.0],[76.0],[68.0],[61.0],[60.0],[32.0],[1.0],[33.0],[76.0],[52.0],[78.0],[17.0],[69.0],[69.0],[69.0],[34.0],[68.0],[98.0],[16.0],[9.0],[76.0],[16.0],[15.0],[60.0],[61.0],[76.0],[7.0],[42.0],[40.0],[76.0],[17.0],[40.0],[18.0],[20.0],[21.0],[8.0],[79.0],[102.0],[68.0],[82.0],[76.0],[76.0],[76.0],[75.0],[55.0],[64.0],[54.0],[52.0],[51.0],[20.0],[54.0],[78.0],[14.0],[15.0],[52.0],[55.0],[15.0],[36.0],[33.0],[52.0],[76.0],[41.0],[76.0],[91.0],[85.0],[102.0],[16.0]
26,[78.0],[30.0],[73.0],[61.0],[40.0],[38.0],[98.0],[102.0],[40.0],[16.0],[36.0],[86.0],[48.0],[91.0],[47.0],[35.0],[61.0],[82.0],[98.0],[76.0],[16.0],[16.0],[53.0],[68.0],[91.0],[26.0],[40.0],[78.0],[96.0],[41.0],[33.0],[16.0],[35.0],[76.0],[33.0],[34.0],[20.0],[76.0],[9.0],[52.0],[79.0],[47.0],[8.0],[54.0],[40.0],[15.0],[76.0],[21.0],[3.0],[0.0],[0.0],[76.0],[64.0],[15.0],[3.0],[76.0],[76.0],[21.0],[93.0],[34.0],[36.0],[53.0],[91.0],[86.0],[35.0],[11.0],[40.0],[7.0],[96.0],[69.0],[93.0],[51.0],[10.0],[79.0],[20.0],[15.0],[76.0],[7.0],[76.0],[65.0],[54.0],[61.0],[61.0],[76.0],[54.0],[40.0],[54.0],[36.0],[54.0],[90.0],[16.0],[63.0],[73.0],[91.0],[74.0],[53.0],[52.0],[52.0],[96.0],[76.0]
27,[61.0],[35.0],[91.0],[76.0],[11.0],[66.0],[48.0],[20.0],[53.0],[69.0],[14.0],[31.0],[75.0],[16.0],[16.0],[69.0],[76.0],[26.0],[78.0],[79.0],[54.0],[70.0],[17.0],[37.0],[93.0],[21.0],[68.0],[76.0],[44.0],[36.0],[21.0],[76.0],[30.0],[53.0],[86.0],[64.0],[72.0],[97.0],[35.0],[8.0],[98.0],[15.0],[9.0],[33.0],[76.0],[84.0],[64.0],[34.0],[16.0],[15.0],[48.0],[30.0],[1.0],[70.0],[20.0],[26.0],[33.0],[91.0],[20.0],[69.0],[21.0],[21.0],[7.0],[61.0],[69.0],[102.0],[28.0],[53.0],[102.0],[53.0],[1.0],[4.0],[60.0],[44.0],[81.0],[0.0],[44.0],[69.0],[102.0],[52.0],[86.0],[93.0],[86.0],[12.0],[53.0],[16.0],[26.0],[9.0],[69.0],[44.0],[21.0],[16.0],[12.0],[8.0],[67.0],[16.0],[45.0],[91.0],[35.0],[53.0]
28,[75.0],[66.0],[63.0],[79.0],[21.0],[34.0],[37.0],[54.0],[0.0],[33.0],[12.0],[7.0],[21.0],[49.0],[68.0],[20.0],[16.0],[86.0],[88.0],[21.0],[83.0],[54.0],[55.0],[53.0],[90.0],[93.0],[55.0],[82.0],[81.0],[12.0],[78.0],[20.0],[21.0],[29.0],[54.0],[52.0],[8.0],[8.0],[8.0],[97.0],[76.0],[91.0],[97.0],[61.0],[11.0],[96.0],[21.0],[0.0],[54.0],[1.0],[8.0],[4.0],[52.0],[54.0],[44.0],[16.0],[91.0],[76.0],[9.0],[32.0],[54.0],[97.0],[93.0],[83.0],[21.0],[76.0],[100.0],[20.0],[61.0],[76.0],[52.0],[88.0],[61.0],[21.0],[79.0],[61.0],[33.0],[17.0],[11.0],[6.0],[73.0],[63.0],[26.0],[77.0],[11.0],[59.0],[29.0],[21.0],[35.0],[34.0],[97.0],[9.0],[50.0],[24.0],[68.0],[52.0],[61.0],[48.0],[51.0],[8.0]
29,[90.0],[76.0],[9.0],[1.0],[85.0],[68.0],[53.0],[53.0],[12.0],[28.0],[37.0],[30.0],[76.0],[100.0],[18.0],[76.0],[9.0],[34.0],[74.0],[86.0],[69.0],[76.0],[76.0],[0.0],[61.0],[97.0],[16.0],[86.0],[3.0],[54.0],[26.0],[33.0],[15.0],[91.0],[11.0],[20.0],[24.0],[26.0],[40.0],[16.0],[21.0],[31.0],[20.0],[59.0],[89.0],[26.0],[8.0],[97.0],[76.0],[10.0],[69.0],[84.0],[96.0],[40.0],[61.0],[69.0],[8.0],[90.0],[31.0],[84.0],[55.0],[49.0],[61.0],[69.0],[82.0],[1.0],[74.0],[76.0],[52.0],[29.0],[26.0],[25.0],[7.0],[93.0],[41.0],[31.0],[21.0],[68.0],[52.0],[26.0],[0.0],[55.0],[76.0],[28.0],[21.0],[89.0],[8.0],[1.0],[33.0],[0.0],[26.0],[8.0],[101.0],[4.0],[60.0],[1.0],[82.0],[20.0],[4.0],[100.0]
30,[23.0],[96.0],[69.0],[72.0],[7.0],[69.0],[12.0],[26.0],[85.0],[21.0],[74.0],[61.0],[86.0],[1.0],[7.0],[1.0],[69.0],[54.0],[1.0],[66.0],[7.0],[24.0],[69.0],[82.0],[0.0],[49.0],[14.0],[11.0],[98.0],[60.0],[7.0],[96.0],[95.0],[26.0],[61.0],[79.0],[100.0],[41.0],[96.0],[4.0],[69.0],[7.0],[40.0],[55.0],[52.0],[4.0],[54.0],[85.0],[61.0],[75.0],[40.0],[21.0],[54.0],[8.0],[17.0],[59.0],[24.0],[45.0],[21.0],[61.0],[79.0],[33.0],[11.0],[0.0],[73.0],[33.0],[90.0],[26.0],[70.0],[20.0],[91.0],[8.0],[35.0],[28.0],[53.0],[26.0],[97.0],[75.0],[1.0],[75.0],[53.0],[33.0],[8.0],[21.0],[44.0],[31.0],[40.0],[26.0],[53.0],[49.0],[84.0],[31.0],[36.0],[26.0],[54.0],[4.0],[17.0],[97.0],[8.0],[31.0]
31,[102.0],[21.0],[8.0],[8.0],[61.0],[41.0],[35.0],[6.0],[32.0],[34.0],[98.0],[4.0],[41.0],[4.0],[41.0],[61.0],[4.0],[78.0],[12.0],[54.0],[76.0],[91.0],[100.0],[94.0],[1.0],[11.0],[90.0],[33.0],[82.0],[76.0],[1.0],[4.0],[86.0],[8.0],[91.0],[7.0],[4.0],[93.0],[70.0],[26.0],[26.0],[16.0],[88.0],[69.0],[70.0],[41.0],[4.0],[41.0],[45.0],[33.0],[97.0],[97.0],[19.0],[31.0],[1.0],[84.0],[26.0],[63.0],[41.0],[46.0],[91.0],[85.0],[21.0],[53.0],[20.0],[86.0],[14.0],[52.0],[53.0],[41.0],[101.0],[99.0],[42.0],[49.0],[7.0],[54.0],[84.0],[64.0],[16.0],[33.0],[1.0],[102.0],[41.0],[83.0],[97.0],[7.0],[43.0],[86.0],[89.0],[54.0],[4.0],[4.0],[78.0],[98.0],[7.0],[8.0],[8.0],[4.0],[41.0],[4.0]
32,[0.0],[8.0],[61.0],[26.0],[44.0],[90.0],[78.0],[8.0],[1.0],[76.0],[76.0],[41.0],[79.0],[33.0],[98.0],[44.0],[52.0],[3.0],[26.0],[44.0],[36.0],[4.0],[20.0],[1.0],[76.0],[47.0],[61.0],[96.0],[24.0],[47.0],[41.0],[8.0],[0.0],[97.0],[7.0],[0.0],[29.0],[4.0],[36.0],[69.0],[15.0],[68.0],[69.0],[20.0],[4.0],[9.0],[51.0],[68.0],[72.0],[82.0],[53.0],[26.0],[40.0],[61.0],[76.0],[97.0],[4.0],[72.0],[7.0],[53.0],[12.0],[4.0],[73.0],[19.0],[12.0],[8.0],[76.0],[10.0],[4.0],[1.0],[41.0],[10.0],[76.0],[15.0],[93.0],[99.0],[15.0],[90.0],[4.0],[81.0],[91.0],[41.0],[4.0],[93.0],[76.0],[63.0],[69.0],[49.0],[82.0],[64.0],[76.0],[41.0],[26.0],[52.0],[2.0],[100.0],[76.0],[32.0],[54.0],[41.0]
33,[28.0],[41.0],[12.0],[41.0],[15.0],[1.0],[91.0],[70.0],[76.0],[61.0],[0.0],[27.0],[26.0],[21.0],[44.0],[7.0],[100.0],[61.0],[82.0],[12.0],[9.0],[8.0],[41.0],[4.0],[81.0],[68.0],[7.0],[61.0],[8.0],[97.0],[29.0],[41.0],[41.0],[70.0],[26.0],[91.0],[91.0],[101.0],[4.0],[41.0],[82.0],[69.0],[26.0],[21.0],[69.0],[7.0],[41.0],[101.0],[63.0],[4.0],[85.0],[8.0],[8.0],[36.0],[54.0],[8.0],[18.0],[41.0],[26.0],[55.0],[26.0],[82.0],[24.0],[75.0],[76.0],[32.0],[0.0],[16.0],[6.0],[8.0],[8.0],[28.0],[9.0],[34.0],[4.0],[83.0],[49.0],[63.0],[7.0],[13.0],[36.0],[90.0],[79.0],[4.0],[7.0],[26.0],[97.0],[82.0],[21.0],[83.0],[29.0],[69.0],[51.0],[60.0],[6.0],[84.0],[54.0],[41.0],[28.0],[91.0]
34,[1.0],[26.0],[79.0],[63.0],[19.0],[81.0],[27.0],[69.0],[67.0],[84.0],[41.0],[81.0],[49.0],[26.0],[4.0],[81.0],[7.0],[1.0],[34.0],[8.0],[28.0],[61.0],[49.0],[8.0],[52.0],[43.0],[17.0],[30.0],[12.0],[40.0],[96.0],[26.0],[69.0],[41.0],[4.0],[63.0],[41.0],[10.0],[38.0],[88.0],[4.0],[41.0],[4.0],[76.0],[41.0],[102.0],[91.0],[51.0],[90.0],[40.0],[32.0],[91.0],[26.0],[79.0],[40.0],[41.0],[41.0],[1.0],[36.0],[5.0],[29.0],[47.0],[29.0],[10.0],[2.0],[26.0],[99.0],[55.0],[38.0],[7.0],[61.0],[35.0],[96.0],[82.0],[101.0],[8.0],[47.0],[76.0],[41.0],[15.0],[29.0],[101.0],[70.0],[7.0],[40.0],[12.0],[52.0],[4.0],[47.0],[13.0],[7.0],[26.0],[32.0],[41.0],[76.0],[69.0],[63.0],[0.0],[44.0],[38.0]
35,[72.0],[69.0],[54.0],[59.0],[26.0],[40.0],[64.0],[38.0],[57.0],[1.0],[101.0],[10.0],[8.0],[29.0],[10.0],[96.0],[40.0],[93.0],[49.0],[41.0],[55.0],[38.0],[12.0],[64.0],[5.0],[16.0],[0.0],[21.0],[41.0],[33.0],[51.0],[54.0],[101.0],[38.0],[21.0],[61.0],[38.0],[51.0],[12.0],[101.0],[20.0],[61.0],[101.0],[53.0],[53.0],[81.0],[38.0],[27.0],[1.0],[47.0],[75.0],[41.0],[4.0],[21.0],[8.0],[52.0],[38.0],[82.0],[4.0],[1.0],[7.0],[20.0],[78.0],[1.0],[47.0],[79.0],[48.0],[41.0],[41.0],[12.0],[69.0],[3.0],[68.0],[26.0],[12.0],[41.0],[82.0],[81.0],[26.0],[41.0],[60.0],[1.0],[101.0],[33.0],[15.0],[73.0],[38.0],[33.0],[84.0],[2.0],[1.0],[20.0],[66.0],[38.0],[12.0],[41.0],[4.0],[7.0],[12.0],[51.0]
36,[63.0],[79.0],[41.0],[12.0],[4.0],[47.0],[33.0],[4.0],[21.0],[54.0],[97.0],[54.0],[69.0],[82.0],[61.0],[0.0],[38.0],[52.0],[64.0],[0.0],[4.0],[64.0],[16.0],[75.0],[101.0],[76.0],[21.0],[26.0],[51.0],[8.0],[12.0],[21.0],[27.0],[4.0],[63.0],[101.0],[63.0],[70.0],[19.0],[91.0],[18.0],[12.0],[63.0],[82.0],[38.0],[12.0],[12.0],[4.0],[8.0],[90.0],[60.0],[15.0],[98.0],[4.0],[4.0],[91.0],[54.0],[8.0],[101.0],[51.0],[99.0],[1.0],[27.0],[15.0],[1.0],[40.0],[32.0],[54.0],[21.0],[93.0],[4.0],[52.0],[11.0],[86.0],[32.0],[93.0],[41.0],[9.0],[38.0],[8.0],[26.0],[18.0],[12.0],[63.0],[47.0],[1.0],[4.0],[76.0],[12.0],[11.0],[49.0],[101.0],[16.0],[54.0],[93.0],[26.0],[38.0],[10.0],[21.0],[30.0]
37,[82.0],[61.0],[70.0],[47.0],[0.0],[27.0],[44.0],[41.0],[29.0],[49.0],[1.0],[43.0],[91.0],[8.0],[54.0],[41.0],[21.0],[12.0],[30.0],[61.0],[1.0],[21.0],[4.0],[34.0],[26.0],[4.0],[51.0],[0.0],[38.0],[5.0],[4.0],[12.0],[84.0],[21.0],[41.0],[41.0],[7.0],[21.0],[28.0],[63.0],[41.0],[27.0],[28.0],[12.0],[101.0],[28.0],[47.0],[12.0],[4.0],[19.0],[64.0],[51.0],[38.0],[12.0],[38.0],[54.0],[51.0],[26.0],[69.0],[19.0],[49.0],[76.0],[26.0],[29.0],[81.0],[51.0],[4.0],[75.0],[43.0],[24.0],[70.0],[2.0],[24.0],[8.0],[28.0],[6.0],[0.0],[20.0],[91.0],[12.0],[5.0],[76.0],[30.0],[10.0],[75.0],[48.0],[101.0],[12.0],[29.0],[1.0],[33.0],[70.0],[76.0],[12.0],[33.0],[33.0],[40.0],[75.0],[61.0],[21.0]
38,[76.0],[4.0],[4.0],[44.0],[98.0],[21.0],[2.0],[21.0],[26.0],[8.0],[6.0],[60.0],[70.0],[41.0],[38.0],[30.0],[12.0],[41.0],[86.0],[29.0],[21.0],[51.0],[21.0],[10.0],[9.0],[41.0],[101.0],[1.0],[26.0],[84.0],[49.0],[38.0],[4.0],[51.0],[69.0],[4.0],[10.0],[54.0],[48.0],[10.0],[12.0],[38.0],[60.0],[1.0],[64.0],[61.0],[2.0],[82.0],[52.0],[70.0],[15.0],[54.0],[82.0],[30.0],[12.0],[12.0],[21.0],[0.0],[12.0],[75.0],[4.0],[8.0],[4.0],[82.0],[6.0],[91.0],[38.0],[0.0],[51.0],[101.0],[63.0],[75.0],[21.0],[41.0],[89.0],[33.0],[29.0],[10.0],[54.0],[83.0],[101.0],[81.0],[21.0],[86.0],[4.0],[4.0],[21.0],[41.0],[41.0],[41.0],[20.0],[21.0],[21.0],[21.0],[51.0],[91.0],[44.0],[60.0],[52.0],[12.0]
39,[101.0],[12.0],[21.0],[38.0],[41.0],[75.0],[1.0],[63.0],[51.0],[4.0],[18.0],[51.0],[15.0],[43.0],[27.0],[26.0],[70.0],[0.0],[41.0],[59.0],[75.0],[41.0],[82.0],[76.0],[53.0],[86.0],[10.0],[12.0],[18.0],[6.0],[0.0],[27.0],[34.0],[12.0],[38.0],[90.0],[52.0],[38.0],[53.0],[79.0],[16.0],[21.0],[79.0],[8.0],[12.0],[51.0],[99.0],[44.0],[73.0],[31.0],[4.0],[12.0],[12.0],[0.0],[51.0],[70.0],[61.0],[101.0],[30.0],[26.0],[41.0],[29.0],[101.0],[60.0],[0.0],[54.0],[61.0],[73.0],[26.0],[0.0],[54.0],[1.0],[26.0],[12.0],[49.0],[4.0],[27.0],[82.0],[63.0],[96.0],[51.0],[82.0],[36.0],[75.0],[29.0],[85.0],[0.0],[38.0],[1.0],[6.0],[0.0],[28.0],[91.0],[61.0],[97.0],[63.0],[12.0],[90.0],[66.0],[47.0]
40,[52.0],[7.0],[51.0],[29.0],[75.0],[51.0],[19.0],[28.0],[19.0],[26.0],[20.0],[21.0],[0.0],[85.0],[51.0],[75.0],[43.0],[4.0],[53.0],[2.0],[73.0],[12.0],[29.0],[25.0],[12.0],[0.0],[76.0],[63.0],[59.0],[0.0],[101.0],[61.0],[26.0],[101.0],[70.0],[54.0],[75.0],[61.0],[51.0],[54.0],[51.0],[98.0],[70.0],[0.0],[96.0],[43.0],[5.0],[26.0],[26.0],[27.0],[49.0],[82.0],[44.0],[51.0],[29.0],[43.0],[99.0],[52.0],[15.0],[12.0],[33.0],[41.0],[51.0],[51.0],[41.0],[61.0],[21.0],[96.0],[12.0],[51.0],[10.0],[41.0],[49.0],[4.0],[60.0],[43.0],[12.0],[21.0],[12.0],[70.0],[63.0],[75.0],[2.0],[26.0],[0.0],[0.0],[12.0],[101.0],[27.0],[29.0],[75.0],[30.0],[3.0],[15.0],[66.0],[21.0],[60.0],[44.0],[68.0],[56.0]
41,[29.0],[54.0],[26.0],[81.0],[12.0],[15.0],[21.0],[12.0],[101.0],[0.0],[91.0],[56.0],[81.0],[0.0],[29.0],[34.0],[36.0],[63.0],[21.0],[6.0],[51.0],[0.0],[96.0],[41.0],[75.0],[12.0],[64.0],[16.0],[32.0],[26.0],[70.0],[51.0],[82.0],[48.0],[29.0],[21.0],[0.0],[34.0],[5.0],[70.0],[0.0],[6.0],[30.0],[26.0],[61.0],[53.0],[52.0],[89.0],[0.0],[44.0],[10.0],[70.0],[69.0],[53.0],[99.0],[61.0],[12.0],[75.0],[96.0],[93.0],[43.0],[101.0],[0.0],[63.0],[8.0],[70.0],[69.0],[101.0],[48.0],[60.0],[81.0],[6.0],[4.0],[29.0],[43.0],[28.0],[51.0],[2.0],[44.0],[69.0],[76.0],[26.0],[51.0],[15.0],[96.0],[64.0],[48.0],[51.0],[99.0],[26.0],[41.0],[51.0],[6.0],[47.0],[26.0],[12.0],[0.0],[21.0],[38.0],[5.0]
42,[19.0],[81.0],[99.0],[69.0],[68.0],[19.0],[76.0],[48.0],[78.0],[89.0],[66.0],[34.0],[18.0],[51.0],[34.0],[51.0],[26.0],[47.0],[76.0],[51.0],[26.0],[101.0],[0.0],[31.0],[29.0],[69.0],[83.0],[4.0],[70.0],[101.0],[93.0],[2.0],[8.0],[2.0],[15.0],[12.0],[15.0],[56.0],[11.0],[21.0],[54.0],[59.0],[12.0],[4.0],[56.0],[99.0],[43.0],[96.0],[41.0],[81.0],[51.0],[99.0],[53.0],[5.0],[35.0],[21.0],[35.0],[59.0],[16.0],[76.0],[96.0],[12.0],[75.0],[25.0],[51.0],[12.0],[19.0],[1.0],[99.0],[81.0],[34.0],[21.0],[69.0],[0.0],[21.0],[86.0],[101.0],[6.0],[61.0],[53.0],[78.0],[34.0],[98.0],[101.0],[12.0],[30.0],[70.0],[43.0],[20.0],[78.0],[51.0],[12.0],[33.0],[51.0],[63.0],[47.0],[2.0],[49.0],[15.0],[7.0]
43,[51.0],[15.0],[36.0],[5.0],[28.0],[101.0],[90.0],[5.0],[33.0],[41.0],[33.0],[68.0],[29.0],[34.0],[75.0],[4.0],[53.0],[101.0],[35.0],[89.0],[10.0],[2.0],[70.0],[69.0],[49.0],[29.0],[19.0],[69.0],[93.0],[4.0],[8.0],[29.0],[73.0],[5.0],[12.0],[82.0],[49.0],[2.0],[45.0],[61.0],[96.0],[51.0],[21.0],[29.0],[93.0],[76.0],[7.0],[70.0],[84.0],[101.0],[101.0],[0.0],[49.0],[82.0],[82.0],[36.0],[56.0],[10.0],[2.0],[56.0],[1.0],[27.0],[54.0],[55.0],[26.0],[21.0],[49.0],[82.0],[5.0],[6.0],[75.0],[26.0],[101.0],[101.0],[70.0],[51.0],[96.0],[51.0],[47.0],[101.0],[75.0],[54.0],[82.0],[82.0],[69.0],[51.0],[95.0],[70.0],[4.0],[51.0],[8.0],[7.0],[35.0],[43.0],[37.0],[29.0],[21.0],[2.0],[5.0],[9.0]
44,[16.0],[27.0],[53.0],[82.0],[54.0],[12.0],[5.0],[87.0],[37.0],[101.0],[48.0],[0.0],[12.0],[24.0],[2.0],[10.0],[11.0],[31.0],[63.0],[5.0],[20.0],[15.0],[8.0],[86.0],[82.0],[101.0],[25.0],[41.0],[28.0],[93.0],[84.0],[99.0],[56.0],[64.0],[75.0],[32.0],[34.0],[81.0],[18.0],[34.0],[32.0],[54.0],[53.0],[6.0],[28.0],[5.0],[15.0],[32.0],[12.0],[60.0],[28.0],[2.0],[5.0],[45.0],[11.0],[99.0],[5.0],[49.0],[70.0],[25.0],[70.0],[51.0],[41.0],[56.0],[4.0],[75.0],[1.0],[4.0],[7.0],[91.0],[82.0],[66.0],[38.0],[16.0],[51.0],[12.0],[59.0],[19.0],[21.0],[21.0],[21.0],[98.0],[5.0],[16.0],[101.0],[98.0],[5.0],[24.0],[51.0],[4.0],[10.0],[38.0],[54.0],[2.0],[18.0],[5.0],[69.0],[83.0],[99.0],[45.0]
45,[44.0],[56.0],[11.0],[33.0],[51.0],[35.0],[6.0],[99.0],[100.0],[12.0],[8.0],[53.0],[5.0],[70.0],[95.0],[101.0],[5.0],[8.0],[37.0],[98.0],[41.0],[5.0],[51.0],[101.0],[63.0],[1.0],[34.0],[8.0],[54.0],[21.0],[24.0],[64.0],[54.0],[95.0],[89.0],[1.0],[18.0],[82.0],[52.0],[64.0],[70.0],[56.0],[5.0],[101.0],[75.0],[11.0],[35.0],[1.0],[60.0],[76.0],[83.0],[96.0],[51.0],[26.0],[49.0],[5.0],[7.0],[44.0],[53.0],[29.0],[51.0],[38.0],[96.0],[41.0],[5.0],[99.0],[41.0],[19.0],[64.0],[4.0],[0.0],[34.0],[41.0],[51.0],[5.0],[30.0],[8.0],[101.0],[75.0],[61.0],[33.0],[4.0],[89.0],[41.0],[32.0],[43.0],[32.0],[8.0],[18.0],[101.0],[24.0],[76.0],[27.0],[82.0],[29.0],[45.0],[90.0],[15.0],[76.0],[35.0]
46,[100.0],[2.0],[6.0],[0.0],[70.0],[54.0],[56.0],[32.0],[5.0],[51.0],[32.0],[88.0],[56.0],[38.0],[15.0],[93.0],[18.0],[6.0],[69.0],[26.0],[90.0],[29.0],[38.0],[81.0],[31.0],[27.0],[69.0],[101.0],[40.0],[69.0],[18.0],[5.0],[11.0],[32.0],[99.0],[44.0],[21.0],[64.0],[87.0],[95.0],[1.0],[0.0],[95.0],[91.0],[35.0],[33.0],[9.0],[83.0],[31.0],[55.0],[18.0],[64.0],[33.0],[48.0],[96.0],[82.0],[64.0],[34.0],[38.0],[101.0],[0.0],[96.0],[12.0],[34.0],[27.0],[87.0],[8.0],[70.0],[15.0],[21.0],[9.0],[76.0],[70.0],[70.0],[82.0],[70.0],[18.0],[59.0],[69.0],[56.0],[8.0],[13.0],[15.0],[79.0],[27.0],[38.0],[18.0],[28.0],[6.0],[12.0],[70.0],[5.0],[19.0],[95.0],[43.0],[87.0],[15.0],[34.0],[32.0],[26.0]
47,[26.0],[99.0],[5.0],[11.0],[32.0],[96.0],[54.0],[64.0],[28.0],[43.0],[26.0],[11.0],[89.0],[76.0],[33.0],[54.0],[17.0],[16.0],[15.0],[91.0],[101.0],[45.0],[5.0],[88.0],[56.0],[24.0],[4.0],[88.0],[64.0],[48.0],[56.0],[15.0],[70.0],[15.0],[2.0],[15.0],[70.0],[9.0],[17.0],[9.0],[8.0],[73.0],[64.0],[51.0],[6.0],[54.0],[0.0],[64.0],[21.0],[63.0],[93.0],[11.0],[24.0],[35.0],[5.0],[9.0],[0.0],[31.0],[5.0],[41.0],[24.0],[24.0],[49.0],[26.0],[86.0],[0.0],[29.0],[84.0],[54.0],[37.0],[11.0],[29.0],[40.0],[18.0],[9.0],[53.0],[5.0],[53.0],[99.0],[76.0],[70.0],[5.0],[9.0],[51.0],[56.0],[5.0],[82.0],[18.0],[37.0],[63.0],[96.0],[53.0],[82.0],[5.0],[14.0],[18.0],[99.0],[29.0],[82.0],[18.0]
48,[33.0],[0.0],[82.0],[18.0],[36.0],[56.0],[41.0],[45.0],[75.0],[29.0],[53.0],[5.0],[30.0],[11.0],[0.0],[27.0],[30.0],[51.0],[66.0],[35.0],[70.0],[40.0],[35.0],[19.0],[33.0],[18.0],[96.0],[54.0],[73.0],[27.0],[64.0],[0.0],[91.0],[0.0],[0.0],[5.0],[44.0],[5.0],[30.0],[5.0],[24.0],[48.0],[82.0],[70.0],[26.0],[70.0],[26.0],[33.0],[44.0],[51.0],[34.0],[32.0],[18.0],[32.0],[18.0],[0.0],[9.0],[9.0],[68.0],[91.0],[18.0],[18.0],[56.0],[11.0],[89.0],[45.0],[5.0],[69.0],[17.0],[32.0],[45.0],[19.0],[12.0],[64.0],[15.0],[5.0],[64.0],[34.0],[33.0],[93.0],[96.0],[37.0],[0.0],[90.0],[89.0],[32.0],[17.0],[5.0],[19.0],[24.0],[18.0],[64.0],[43.0],[33.0],[82.0],[17.0],[1.0],[19.0],[45.0],[101.0]
49,[11.0],[32.0],[48.0],[17.0],[38.0],[31.0],[69.0],[15.0],[93.0],[35.0],[4.0],[48.0],[64.0],[18.0],[45.0],[6.0],[28.0],[24.0],[91.0],[11.0],[19.0],[35.0],[18.0],[56.0],[72.0],[8.0],[29.0],[56.0],[53.0],[45.0],[47.0],[45.0],[33.0],[82.0],[45.0],[69.0],[89.0],[45.0],[47.0],[87.0],[93.0],[32.0],[45.0],[44.0],[9.0],[17.0],[18.0],[29.0],[2.0],[61.0],[73.0],[45.0],[70.0],[47.0],[45.0],[17.0],[45.0],[19.0],[51.0],[37.0],[16.0],[64.0],[45.0],[49.0],[19.0],[64.0],[73.0],[11.0],[32.0],[49.0],[64.0],[86.0],[2.0],[30.0],[3.0],[82.0],[73.0],[31.0],[9.0],[16.0],[85.0],[72.0],[45.0],[25.0],[73.0],[24.0],[47.0],[30.0],[96.0],[56.0],[89.0],[18.0],[4.0],[0.0],[28.0],[102.0],[49.0],[69.0],[2.0],[0.0]
50,[37.0],[64.0],[32.0],[102.0],[86.0],[73.0],[85.0],[78.0],[49.0],[53.0],[49.0],[17.0],[2.0],[89.0],[11.0],[24.0],[102.0],[27.0],[56.0],[45.0],[34.0],[18.0],[47.0],[9.0],[43.0],[40.0],[44.0],[27.0],[56.0],[9.0],[30.0],[11.0],[45.0],[49.0],[73.0],[9.0],[69.0],[15.0],[102.0],[32.0],[47.0],[63.0],[18.0],[19.0],[45.0],[32.0],[30.0],[20.0],[96.0],[11.0],[25.0],[9.0],[28.0],[6.0],[26.0],[32.0],[17.0],[69.0],[45.0],[31.0],[40.0],[89.0],[40.0],[64.0],[56.0],[9.0],[63.0],[32.0],[28.0],[5.0],[48.0],[81.0],[36.0],[89.0],[35.0],[73.0],[89.0],[26.0],[0.0],[5.0],[49.0],[31.0],[18.0],[29.0],[33.0],[18.0],[50.0],[53.0],[24.0],[21.0],[34.0],[17.0],[44.0],[32.0],[32.0],[0.0],[11.0],[11.0],[33.0],[32.0]
51,[8.0],[9.0],[17.0],[101.0],[89.0],[64.0],[4.0],[18.0],[25.0],[5.0],[31.0],[32.0],[73.0],[5.0],[17.0],[53.0],[101.0],[5.0],[100.0],[48.0],[31.0],[26.0],[64.0],[11.0],[100.0],[89.0],[31.0],[15.0],[11.0],[32.0],[6.0],[82.0],[2.0],[18.0],[48.0],[48.0],[19.0],[11.0],[50.0],[0.0],[40.0],[5.0],[17.0],[5.0],[63.0],[47.0],[102.0],[100.0],[6.0],[53.0],[70.0],[5.0],[3.0],[101.0],[24.0],[47.0],[47.0],[16.0],[18.0],[4.0],[47.0],[11.0],[64.0],[96.0],[9.0],[4.0],[26.0],[47.0],[10.0],[73.0],[17.0],[69.0],[29.0],[5.0],[44.0],[48.0],[30.0],[16.0],[17.0],[64.0],[66.0],[43.0],[17.0],[2.0],[30.0],[11.0],[6.0],[19.0],[8.0],[96.0],[47.0],[32.0],[85.0],[40.0],[48.0],[101.0],[26.0],[35.0],[17.0],[50.0]
52,[56.0],[5.0],[27.0],[50.0],[33.0],[53.0],[70.0],[17.0],[34.0],[19.0],[69.0],[101.0],[45.0],[17.0],[50.0],[16.0],[50.0],[35.0],[33.0],[19.0],[78.0],[47.0],[45.0],[26.0],[16.0],[30.0],[49.0],[85.0],[45.0],[82.0],[5.0],[17.0],[31.0],[45.0],[96.0],[70.0],[101.0],[0.0],[6.0],[11.0],[5.0],[9.0],[32.0],[37.0],[82.0],[6.0],[50.0],[8.0],[19.0],[73.0],[82.0],[18.0],[30.0],[50.0],[0.0],[6.0],[32.0],[33.0],[17.0],[70.0],[30.0],[5.0],[2.0],[101.0],[64.0],[16.0],[56.0],[45.0],[89.0],[26.0],[32.0],[56.0],[63.0],[73.0],[26.0],[17.0],[2.0],[44.0],[32.0],[28.0],[88.0],[16.0],[32.0],[11.0],[2.0],[6.0],[31.0],[44.0],[73.0],[36.0],[30.0],[47.0],[29.0],[73.0],[81.0],[50.0],[29.0],[25.0],[88.0],[6.0]
53,[47.0],[73.0],[50.0],[24.0],[2.0],[80.0],[18.0],[47.0],[72.0],[64.0],[70.0],[6.0],[4.0],[101.0],[102.0],[33.0],[68.0],[56.0],[5.0],[70.0],[33.0],[50.0],[89.0],[33.0],[59.0],[82.0],[56.0],[64.0],[5.0],[18.0],[73.0],[102.0],[63.0],[17.0],[47.0],[35.0],[73.0],[17.0],[101.0],[45.0],[64.0],[11.0],[16.0],[16.0],[30.0],[30.0],[70.0],[54.0],[101.0],[41.0],[56.0],[89.0],[89.0],[33.0],[47.0],[50.0],[6.0],[11.0],[32.0],[64.0],[89.0],[45.0],[6.0],[85.0],[70.0],[17.0],[15.0],[64.0],[77.0],[35.0],[47.0],[91.0],[6.0],[2.0],[18.0],[47.0],[45.0],[35.0],[24.0],[73.0],[44.0],[73.0],[47.0],[44.0],[45.0],[70.0],[33.0],[6.0],[11.0],[70.0],[6.0],[95.0],[11.0],[9.0],[4.0],[6.0],[53.0],[26.0],[63.0],[64.0]
54,[31.0],[45.0],[86.0],[6.0],[45.0],[24.0],[73.0],[50.0],[43.0],[25.0],[81.0],[50.0],[16.0],[47.0],[70.0],[11.0],[6.0],[88.0],[80.0],[47.0],[44.0],[32.0],[26.0],[72.0],[60.0],[6.0],[33.0],[37.0],[6.0],[63.0],[45.0],[50.0],[9.0],[47.0],[17.0],[26.0],[33.0],[32.0],[68.0],[17.0],[73.0],[17.0],[73.0],[64.0],[92.0],[77.0],[10.0],[5.0],[53.0],[34.0],[31.0],[47.0],[17.0],[86.0],[64.0],[31.0],[50.0],[25.0],[28.0],[73.0],[6.0],[73.0],[17.0],[31.0],[45.0],[47.0],[54.0],[29.0],[19.0],[45.0],[6.0],[31.0],[18.0],[19.0],[50.0],[32.0],[38.0],[45.0],[6.0],[63.0],[12.0],[64.0],[50.0],[19.0],[70.0],[91.0],[86.0],[73.0],[70.0],[33.0],[73.0],[6.0],[96.0],[11.0],[21.0],[64.0],[19.0],[70.0],[47.0],[10.0]
55,[89.0],[11.0],[85.0],[70.0],[63.0],[18.0],[47.0],[89.0],[31.0],[73.0],[5.0],[70.0],[63.0],[6.0],[73.0],[19.0],[33.0],[73.0],[54.0],[102.0],[30.0],[89.0],[73.0],[49.0],[30.0],[33.0],[53.0],[70.0],[77.0],[17.0],[38.0],[70.0],[5.0],[50.0],[64.0],[19.0],[2.0],[47.0],[24.0],[47.0],[56.0],[64.0],[6.0],[45.0],[50.0],[19.0],[33.0],[53.0],[49.0],[35.0],[21.0],[17.0],[73.0],[85.0],[102.0],[10.0],[40.0],[2.0],[50.0],[49.0],[73.0],[2.0],[70.0],[4.0],[101.0],[6.0],[33.0],[15.0],[73.0],[19.0],[50.0],[64.0],[47.0],[56.0],[10.0],[19.0],[56.0],[11.0],[50.0],[49.0],[47.0],[8.0],[68.0],[56.0],[63.0],[47.0],[10.0],[93.0],[56.0],[72.0],[101.0],[50.0],[100.0],[17.0],[44.0],[70.0],[35.0],[82.0],[49.0],[70.0]
56,[30.0],[17.0],[90.0],[77.0],[9.0],[70.0],[31.0],[10.0],[64.0],[72.0],[19.0],[33.0],[17.0],[31.0],[77.0],[73.0],[63.0],[64.0],[47.0],[50.0],[56.0],[10.0],[11.0],[73.0],[35.0],[63.0],[26.0],[5.0],[17.0],[19.0],[63.0],[31.0],[102.0],[31.0],[49.0],[56.0],[35.0],[50.0],[33.0],[2.0],[45.0],[50.0],[47.0],[25.0],[25.0],[89.0],[77.0],[45.0],[69.0],[64.0],[63.0],[50.0],[63.0],[10.0],[6.0],[33.0],[31.0],[70.0],[89.0],[50.0],[11.0],[30.0],[102.0],[35.0],[17.0],[85.0],[70.0],[2.0],[49.0],[70.0],[24.0],[49.0],[27.0],[85.0],[33.0],[64.0],[70.0],[25.0],[70.0],[45.0],[37.0],[69.0],[33.0],[31.0],[31.0],[9.0],[68.0],[66.0],[64.0],[73.0],[11.0],[10.0],[90.0],[70.0],[19.0],[24.0],[5.0],[18.0],[0.0],[24.0]
57,[96.0],[89.0],[33.0],[89.0],[31.0],[16.0],[25.0],[31.0],[4.0],[18.0],[64.0],[91.0],[96.0],[73.0],[86.0],[56.0],[89.0],[85.0],[85.0],[82.0],[11.0],[33.0],[15.0],[43.0],[69.0],[44.0],[47.0],[73.0],[2.0],[50.0],[31.0],[19.0],[17.0],[10.0],[30.0],[3.0],[11.0],[31.0],[93.0],[6.0],[19.0],[70.0],[50.0],[17.0],[102.0],[52.0],[63.0],[15.0],[33.0],[56.0],[26.0],[31.0],[102.0],[89.0],[89.0],[68.0],[86.0],[47.0],[33.0],[43.0],[44.0],[56.0],[89.0],[70.0],[25.0],[50.0],[2.0],[48.0],[31.0],[47.0],[89.0],[70.0],[53.0],[45.0],[24.0],[50.0],[19.0],[49.0],[10.0],[17.0],[56.0],[70.0],[19.0],[17.0],[17.0],[82.0],[63.0],[64.0],[25.0],[35.0],[45.0],[19.0],[25.0],[19.0],[5.0],[10.0],[18.0],[56.0],[50.0],[33.0]
58,[70.0],[50.0],[19.0],[19.0],[17.0],[59.0],[10.0],[77.0],[47.0],[38.0],[56.0],[63.0],[59.0],[30.0],[85.0],[29.0],[85.0],[25.0],[16.0],[33.0],[53.0],[66.0],[101.0],[3.0],[74.0],[70.0],[5.0],[92.0],[50.0],[29.0],[17.0],[77.0],[38.0],[19.0],[102.0],[47.0],[26.0],[77.0],[63.0],[82.0],[9.0],[86.0],[31.0],[47.0],[73.0],[73.0],[89.0],[2.0],[25.0],[49.0],[33.0],[73.0],[56.0],[19.0],[30.0],[63.0],[10.0],[18.0],[19.0],[38.0],[19.0],[19.0],[50.0],[73.0],[102.0],[24.0],[66.0],[63.0],[60.0],[96.0],[19.0],[50.0],[33.0],[31.0],[86.0],[10.0],[31.0],[70.0],[89.0],[50.0],[15.0],[96.0],[91.0],[49.0],[16.0],[33.0],[60.0],[25.0],[100.0],[43.0],[56.0],[77.0],[30.0],[50.0],[25.0],[19.0],[47.0],[47.0],[64.0],[89.0]
59,[35.0],[70.0],[56.0],[52.0],[56.0],[85.0],[8.0],[19.0],[56.0],[31.0],[47.0],[97.0],[101.0],[44.0],[19.0],[45.0],[31.0],[49.0],[8.0],[56.0],[64.0],[77.0],[30.0],[35.0],[73.0],[45.0],[11.0],[9.0],[47.0],[25.0],[10.0],[89.0],[48.0],[37.0],[82.0],[50.0],[47.0],[63.0],[20.0],[19.0],[2.0],[82.0],[56.0],[50.0],[77.0],[60.0],[96.0],[56.0],[5.0],[96.0],[2.0],[20.0],[50.0],[60.0],[73.0],[89.0],[77.0],[56.0],[82.0],[74.0],[56.0],[70.0],[77.0],[21.0],[98.0],[10.0],[35.0],[38.0],[85.0],[30.0],[60.0],[16.0],[5.0],[17.0],[19.0],[44.0],[17.0],[47.0],[19.0],[10.0],[43.0],[15.0],[85.0],[64.0],[10.0],[56.0],[85.0],[29.0],[30.0],[25.0],[19.0],[56.0],[74.0],[86.0],[70.0],[89.0],[56.0],[31.0],[56.0],[63.0]
60,[73.0],[63.0],[31.0],[25.0],[47.0],[8.0],[43.0],[60.0],[8.0],[74.0],[35.0],[16.0],[25.0],[66.0],[56.0],[70.0],[45.0],[30.0],[4.0],[60.0],[15.0],[73.0],[56.0],[70.0],[96.0],[31.0],[43.0],[45.0],[16.0],[64.0],[2.0],[56.0],[50.0],[56.0],[50.0],[10.0],[56.0],[89.0],[31.0],[85.0],[17.0],[77.0],[19.0],[73.0],[33.0],[97.0],[73.0],[17.0],[70.0],[80.0],[35.0],[56.0],[31.0],[97.0],[50.0],[96.0],[89.0],[73.0],[10.0],[45.0],[45.0],[31.0],[82.0],[102.0],[30.0],[77.0],[96.0],[56.0],[18.0],[31.0],[77.0],[85.0],[17.0],[47.0],[56.0],[45.0],[50.0],[50.0],[77.0],[25.0],[59.0],[56.0],[10.0],[47.0],[50.0],[19.0],[49.0],[85.0],[45.0],[47.0],[31.0],[73.0],[70.0],[77.0],[64.0],[56.0],[66.0],[96.0],[24.0],[60.0]
61,[38.0],[77.0],[45.0],[73.0],[64.0],[29.0],[84.0],[85.0],[74.0],[96.0],[73.0],[82.0],[98.0],[50.0],[31.0],[25.0],[2.0],[2.0],[29.0],[25.0],[37.0],[56.0],[19.0],[30.0],[21.0],[5.0],[70.0],[74.0],[63.0],[56.0],[50.0],[49.0],[3.0],[25.0],[56.0],[33.0],[25.0],[86.0],[60.0],[50.0],[85.0],[97.0],[85.0],[49.0],[29.0],[18.0],[60.0],[31.0],[17.0],[50.0],[72.0],[38.0],[10.0],[73.0],[19.0],[45.0],[63.0],[17.0],[97.0],[17.0],[38.0],[0.0],[10.0],[43.0],[16.0],[89.0],[45.0],[89.0],[45.0],[56.0],[85.0],[74.0],[50.0],[50.0],[64.0],[85.0],[10.0],[56.0],[56.0],[85.0],[30.0],[38.0],[56.0],[70.0],[3.0],[44.0],[45.0],[74.0],[0.0],[30.0],[64.0],[85.0],[34.0],[44.0],[31.0],[31.0],[50.0],[101.0],[70.0],[85.0]
62,[46.0],[31.0],[96.0],[96.0],[10.0],[100.0],[50.0],[56.0],[70.0],[17.0],[25.0],[96.0],[31.0],[19.0],[60.0],[17.0],[77.0],[44.0],[43.0],[77.0],[96.0],[100.0],[31.0],[45.0],[47.0],[17.0],[35.0],[3.0],[60.0],[70.0],[77.0],[73.0],[77.0],[73.0],[10.0],[16.0],[98.0],[73.0],[85.0],[56.0],[10.0],[85.0],[10.0],[56.0],[10.0],[45.0],[85.0],[63.0],[47.0],[25.0],[19.0],[77.0],[77.0],[56.0],[33.0],[77.0],[73.0],[43.0],[56.0],[100.0],[5.0],[17.0],[86.0],[50.0],[50.0],[56.0],[85.0],[72.0],[2.0],[33.0],[31.0],[100.0],[56.0],[10.0],[97.0],[56.0],[3.0],[33.0],[85.0],[66.0],[4.0],[17.0],[97.0],[73.0],[77.0],[45.0],[96.0],[10.0],[38.0],[45.0],[17.0],[97.0],[56.0],[85.0],[56.0],[73.0],[96.0],[50.0],[10.0],[73.0]
63,[59.0],[85.0],[2.0],[49.0],[3.0],[76.0],[49.0],[73.0],[46.0],[47.0],[96.0],[45.0],[3.0],[96.0],[96.0],[38.0],[44.0],[9.0],[24.0],[49.0],[85.0],[96.0],[1.0],[50.0],[70.0],[38.0],[2.0],[49.0],[85.0],[31.0],[86.0],[85.0],[29.0],[85.0],[19.0],[77.0],[50.0],[96.0],[86.0],[29.0],[50.0],[25.0],[77.0],[10.0],[86.0],[62.0],[97.0],[48.0],[50.0],[43.0],[11.0],[60.0],[2.0],[96.0],[56.0],[2.0],[85.0],[38.0],[86.0],[96.0],[17.0],[50.0],[63.0],[74.0],[29.0],[73.0],[47.0],[17.0],[44.0],[72.0],[56.0],[11.0],[44.0],[3.0],[73.0],[2.0],[77.0],[77.0],[31.0],[74.0],[100.0],[45.0],[96.0],[0.0],[85.0],[17.0],[37.0],[31.0],[5.0],[85.0],[38.0],[45.0],[45.0],[31.0],[80.0],[49.0],[37.0],[33.0],[25.0],[97.0]
64,[4.0],[20.0],[77.0],[31.0],[50.0],[49.0],[74.0],[16.0],[30.0],[50.0],[50.0],[20.0],[47.0],[56.0],[30.0],[50.0],[20.0],[45.0],[2.0],[31.0],[43.0],[85.0],[50.0],[2.0],[89.0],[64.0],[50.0],[17.0],[31.0],[89.0],[60.0],[30.0],[60.0],[100.0],[77.0],[97.0],[43.0],[20.0],[56.0],[31.0],[77.0],[96.0],[86.0],[43.0],[60.0],[20.0],[44.0],[72.0],[56.0],[21.0],[30.0],[19.0],[47.0],[77.0],[60.0],[20.0],[96.0],[50.0],[64.0],[9.0],[64.0],[3.0],[85.0],[38.0],[10.0],[31.0],[31.0],[3.0],[20.0],[2.0],[73.0],[43.0],[45.0],[77.0],[25.0],[60.0],[32.0],[73.0],[73.0],[2.0],[64.0],[47.0],[37.0],[50.0],[60.0],[25.0],[44.0],[2.0],[17.0],[84.0],[50.0],[37.0],[48.0],[96.0],[72.0],[96.0],[31.0],[77.0],[31.0],[96.0]
65,[2.0],[16.0],[25.0],[56.0],[29.0],[25.0],[9.0],[49.0],[17.0],[45.0],[80.0],[77.0],[102.0],[32.0],[62.0],[77.0],[62.0],[50.0],[79.0],[85.0],[17.0],[92.0],[32.0],[47.0],[15.0],[2.0],[74.0],[102.0],[86.0],[10.0],[32.0],[62.0],[96.0],[43.0],[85.0],[73.0],[74.0],[62.0],[77.0],[24.0],[3.0],[45.0],[96.0],[89.0],[74.0],[2.0],[45.0],[86.0],[77.0],[74.0],[44.0],[63.0],[85.0],[2.0],[85.0],[62.0],[37.0],[77.0],[60.0],[2.0],[50.0],[32.0],[100.0],[47.0],[77.0],[63.0],[3.0],[31.0],[62.0],[43.0],[96.0],[45.0],[64.0],[60.0],[30.0],[97.0],[86.0],[43.0],[96.0],[77.0],[84.0],[9.0],[77.0],[60.0],[86.0],[50.0],[2.0],[45.0],[2.0],[5.0],[32.0],[2.0],[64.0],[45.0],[86.0],[62.0],[85.0],[73.0],[60.0],[20.0]
66,[3.0],[62.0],[62.0],[60.0],[77.0],[2.0],[29.0],[2.0],[20.0],[86.0],[45.0],[2.0],[50.0],[45.0],[3.0],[2.0],[42.0],[17.0],[10.0],[73.0],[74.0],[63.0],[37.0],[16.0],[46.0],[50.0],[60.0],[29.0],[29.0],[86.0],[43.0],[3.0],[43.0],[72.0],[31.0],[96.0],[96.0],[3.0],[2.0],[77.0],[29.0],[29.0],[2.0],[77.0],[47.0],[38.0],[3.0],[50.0],[43.0],[85.0],[74.0],[3.0],[60.0],[62.0],[2.0],[44.0],[20.0],[60.0],[47.0],[47.0],[2.0],[60.0],[31.0],[45.0],[43.0],[96.0],[43.0],[77.0],[30.0],[10.0],[62.0],[78.0],[31.0],[32.0],[96.0],[77.0],[60.0],[38.0],[37.0],[47.0],[45.0],[2.0],[62.0],[74.0],[43.0],[29.0],[77.0],[91.0],[31.0],[32.0],[60.0],[44.0],[47.0],[20.0],[85.0],[30.0],[33.0],[86.0],[85.0],[2.0]
67,[15.0],[42.0],[44.0],[43.0],[43.0],[43.0],[45.0],[62.0],[9.0],[77.0],[16.0],[62.0],[10.0],[60.0],[42.0],[31.0],[47.0],[10.0],[92.0],[80.0],[45.0],[3.0],[77.0],[85.0],[2.0],[77.0],[45.0],[50.0],[19.0],[72.0],[62.0],[42.0],[58.0],[77.0],[3.0],[2.0],[77.0],[42.0],[42.0],[73.0],[60.0],[20.0],[62.0],[85.0],[43.0],[44.0],[20.0],[49.0],[38.0],[100.0],[45.0],[42.0],[29.0],[42.0],[31.0],[42.0],[62.0],[29.0],[77.0],[3.0],[31.0],[86.0],[30.0],[2.0],[74.0],[20.0],[10.0],[50.0],[42.0],[16.0],[2.0],[57.0],[30.0],[43.0],[45.0],[29.0],[43.0],[74.0],[62.0],[30.0],[31.0],[29.0],[3.0],[72.0],[58.0],[97.0],[20.0],[79.0],[32.0],[31.0],[77.0],[62.0],[49.0],[62.0],[16.0],[2.0],[73.0],[30.0],[20.0],[62.0]
68,[79.0],[3.0],[42.0],[80.0],[20.0],[79.0],[102.0],[30.0],[80.0],[20.0],[10.0],[44.0],[60.0],[77.0],[43.0],[86.0],[58.0],[77.0],[84.0],[96.0],[84.0],[43.0],[86.0],[74.0],[38.0],[32.0],[89.0],[43.0],[43.0],[62.0],[20.0],[58.0],[57.0],[60.0],[62.0],[38.0],[31.0],[43.0],[23.0],[96.0],[92.0],[2.0],[29.0],[31.0],[72.0],[42.0],[62.0],[19.0],[30.0],[89.0],[47.0],[58.0],[43.0],[43.0],[62.0],[38.0],[3.0],[96.0],[29.0],[10.0],[77.0],[62.0],[43.0],[46.0],[60.0],[82.0],[77.0],[43.0],[47.0],[50.0],[42.0],[77.0],[77.0],[1.0],[77.0],[62.0],[62.0],[29.0],[2.0],[92.0],[102.0],[74.0],[42.0],[45.0],[57.0],[60.0],[62.0],[100.0],[50.0],[74.0],[2.0],[42.0],[84.0],[3.0],[17.0],[42.0],[77.0],[98.0],[62.0],[42.0]
69,[32.0],[29.0],[47.0],[86.0],[72.0],[45.0],[79.0],[42.0],[84.0],[100.0],[79.0],[42.0],[77.0],[64.0],[58.0],[43.0],[64.0],[29.0],[25.0],[62.0],[29.0],[20.0],[43.0],[29.0],[79.0],[60.0],[20.0],[77.0],[20.0],[74.0],[57.0],[23.0],[20.0],[96.0],[42.0],[62.0],[32.0],[23.0],[43.0],[25.0],[86.0],[44.0],[42.0],[96.0],[85.0],[23.0],[42.0],[3.0],[29.0],[46.0],[50.0],[23.0],[20.0],[38.0],[43.0],[58.0],[58.0],[86.0],[62.0],[77.0],[32.0],[43.0],[20.0],[9.0],[38.0],[42.0],[30.0],[86.0],[23.0],[77.0],[43.0],[72.0],[85.0],[62.0],[62.0],[42.0],[58.0],[60.0],[42.0],[60.0],[98.0],[46.0],[43.0],[89.0],[20.0],[2.0],[30.0],[50.0],[43.0],[100.0],[62.0],[58.0],[1.0],[29.0],[47.0],[38.0],[30.0],[62.0],[43.0],[58.0]
70,[74.0],[58.0],[58.0],[62.0],[1.0],[50.0],[89.0],[58.0],[3.0],[62.0],[43.0],[38.0],[38.0],[2.0],[83.0],[57.0],[1.0],[74.0],[72.0],[16.0],[100.0],[30.0],[58.0],[79.0],[86.0],[20.0],[38.0],[72.0],[58.0],[2.0],[72.0],[43.0],[42.0],[79.0],[58.0],[29.0],[3.0],[58.0],[58.0],[62.0],[43.0],[62.0],[58.0],[38.0],[100.0],[66.0],[29.0],[43.0],[98.0],[45.0],[38.0],[29.0],[58.0],[64.0],[58.0],[23.0],[43.0],[74.0],[3.0],[58.0],[60.0],[42.0],[48.0],[44.0],[97.0],[2.0],[79.0],[74.0],[58.0],[48.0],[23.0],[47.0],[25.0],[57.0],[2.0],[49.0],[42.0],[96.0],[58.0],[86.0],[17.0],[10.0],[64.0],[9.0],[9.0],[77.0],[42.0],[47.0],[60.0],[77.0],[42.0],[1.0],[5.0],[58.0],[79.0],[58.0],[62.0],[74.0],[30.0],[43.0]
71,[86.0],[43.0],[64.0],[98.0],[71.0],[74.0],[72.0],[43.0],[2.0],[2.0],[60.0],[64.0],[43.0],[58.0],[23.0],[42.0],[29.0],[60.0],[45.0],[30.0],[2.0],[58.0],[62.0],[77.0],[10.0],[62.0],[91.0],[2.0],[57.0],[38.0],[71.0],[1.0],[72.0],[9.0],[43.0],[42.0],[85.0],[29.0],[64.0],[42.0],[58.0],[42.0],[23.0],[86.0],[2.0],[1.0],[23.0],[10.0],[62.0],[79.0],[9.0],[43.0],[42.0],[98.0],[57.0],[64.0],[1.0],[100.0],[42.0],[44.0],[86.0],[58.0],[62.0],[91.0],[72.0],[59.0],[60.0],[62.0],[83.0],[25.0],[58.0],[9.0],[1.0],[72.0],[16.0],[1.0],[57.0],[86.0],[43.0],[57.0],[46.0],[89.0],[38.0],[62.0],[42.0],[96.0],[58.0],[17.0],[9.0],[50.0],[43.0],[29.0],[79.0],[23.0],[10.0],[23.0],[3.0],[42.0],[3.0],[29.0]
72,[99.0],[57.0],[29.0],[30.0],[58.0],[5.0],[38.0],[83.0],[10.0],[79.0],[72.0],[29.0],[20.0],[62.0],[1.0],[58.0],[83.0],[38.0],[46.0],[42.0],[50.0],[1.0],[42.0],[60.0],[45.0],[58.0],[100.0],[20.0],[79.0],[77.0],[9.0],[83.0],[74.0],[62.0],[57.0],[43.0],[1.0],[1.0],[83.0],[58.0],[62.0],[58.0],[43.0],[100.0],[20.0],[29.0],[58.0],[77.0],[89.0],[2.0],[3.0],[1.0],[83.0],[80.0],[42.0],[1.0],[29.0],[62.0],[58.0],[79.0],[58.0],[23.0],[74.0],[100.0],[49.0],[43.0],[18.0],[9.0],[71.0],[86.0],[29.0],[20.0],[20.0],[38.0],[42.0],[23.0],[72.0],[79.0],[83.0],[84.0],[2.0],[79.0],[58.0],[38.0],[74.0],[62.0],[64.0],[77.0],[48.0],[89.0],[58.0],[83.0],[9.0],[1.0],[77.0],[43.0],[100.0],[43.0],[42.0],[83.0]
73,[48.0],[1.0],[38.0],[2.0],[74.0],[57.0],[17.0],[71.0],[79.0],[44.0],[86.0],[58.0],[74.0],[57.0],[36.0],[74.0],[71.0],[79.0],[32.0],[58.0],[89.0],[83.0],[74.0],[91.0],[99.0],[9.0],[3.0],[84.0],[23.0],[42.0],[58.0],[71.0],[49.0],[30.0],[1.0],[58.0],[79.0],[83.0],[29.0],[43.0],[49.0],[83.0],[1.0],[79.0],[49.0],[58.0],[1.0],[60.0],[42.0],[17.0],[77.0],[57.0],[72.0],[49.0],[23.0],[29.0],[83.0],[3.0],[43.0],[20.0],[62.0],[74.0],[72.0],[58.0],[62.0],[29.0],[58.0],[49.0],[1.0],[62.0],[83.0],[17.0],[79.0],[71.0],[47.0],[58.0],[74.0],[100.0],[29.0],[20.0],[79.0],[86.0],[29.0],[30.0],[79.0],[58.0],[1.0],[32.0],[74.0],[46.0],[57.0],[66.0],[17.0],[57.0],[50.0],[71.0],[43.0],[3.0],[58.0],[37.0]
74,[50.0],[71.0],[71.0],[78.0],[42.0],[4.0],[77.0],[1.0],[38.0],[58.0],[100.0],[57.0],[1.0],[42.0],[82.0],[72.0],[37.0],[91.0],[58.0],[23.0],[47.0],[72.0],[57.0],[100.0],[58.0],[57.0],[79.0],[62.0],[74.0],[49.0],[42.0],[72.0],[1.0],[3.0],[83.0],[23.0],[62.0],[71.0],[71.0],[23.0],[57.0],[37.0],[38.0],[62.0],[62.0],[71.0],[83.0],[38.0],[46.0],[3.0],[1.0],[72.0],[71.0],[29.0],[83.0],[71.0],[71.0],[30.0],[74.0],[71.0],[57.0],[57.0],[58.0],[20.0],[46.0],[84.0],[72.0],[58.0],[72.0],[58.0],[71.0],[58.0],[91.0],[9.0],[38.0],[38.0],[71.0],[62.0],[71.0],[58.0],[10.0],[99.0],[1.0],[91.0],[49.0],[57.0],[83.0],[72.0],[72.0],[20.0],[9.0],[71.0],[77.0],[83.0],[100.0],[72.0],[58.0],[58.0],[83.0],[71.0]
75,[45.0],[72.0],[1.0],[42.0],[49.0],[89.0],[60.0],[79.0],[58.0],[46.0],[84.0],[72.0],[72.0],[9.0],[72.0],[71.0],[72.0],[20.0],[9.0],[43.0],[77.0],[71.0],[83.0],[58.0],[48.0],[72.0],[62.0],[79.0],[72.0],[23.0],[23.0],[36.0],[71.0],[42.0],[71.0],[71.0],[30.0],[16.0],[72.0],[38.0],[74.0],[71.0],[71.0],[2.0],[42.0],[16.0],[71.0],[58.0],[58.0],[16.0],[20.0],[71.0],[36.0],[16.0],[71.0],[72.0],[49.0],[42.0],[23.0],[42.0],[9.0],[83.0],[38.0],[78.0],[42.0],[38.0],[89.0],[42.0],[36.0],[9.0],[16.0],[96.0],[58.0],[58.0],[58.0],[72.0],[1.0],[89.0],[49.0],[43.0],[74.0],[50.0],[71.0],[100.0],[1.0],[72.0],[71.0],[60.0],[58.0],[48.0],[71.0],[49.0],[72.0],[71.0],[20.0],[82.0],[42.0],[23.0],[91.0],[49.0]
76,[9.0],[74.0],[37.0],[23.0],[23.0],[72.0],[96.0],[72.0],[91.0],[30.0],[62.0],[23.0],[62.0],[23.0],[71.0],[49.0],[49.0],[58.0],[20.0],[83.0],[38.0],[36.0],[72.0],[62.0],[50.0],[71.0],[77.0],[42.0],[1.0],[43.0],[25.0],[79.0],[23.0],[1.0],[72.0],[72.0],[58.0],[49.0],[79.0],[49.0],[72.0],[1.0],[49.0],[9.0],[58.0],[36.0],[36.0],[42.0],[23.0],[58.0],[58.0],[36.0],[25.0],[25.0],[9.0],[49.0],[72.0],[78.0],[1.0],[0.0],[74.0],[9.0],[1.0],[37.0],[58.0],[37.0],[42.0],[57.0],[79.0],[42.0],[49.0],[84.0],[62.0],[42.0],[23.0],[71.0],[9.0],[30.0],[82.0],[42.0],[50.0],[58.0],[16.0],[3.0],[72.0],[42.0],[72.0],[20.0],[62.0],[38.0],[72.0],[72.0],[60.0],[72.0],[49.0],[36.0],[83.0],[38.0],[71.0],[72.0]
77,[5.0],[36.0],[100.0],[58.0],[25.0],[20.0],[20.0],[36.0],[99.0],[42.0],[58.0],[1.0],[9.0],[83.0],[78.0],[36.0],[82.0],[100.0],[17.0],[1.0],[32.0],[37.0],[71.0],[46.0],[20.0],[23.0],[58.0],[91.0],[49.0],[91.0],[36.0],[9.0],[25.0],[58.0],[9.0],[49.0],[71.0],[79.0],[49.0],[72.0],[38.0],[72.0],[72.0],[30.0],[71.0],[78.0],[49.0],[71.0],[91.0],[20.0],[42.0],[74.0],[37.0],[58.0],[72.0],[78.0],[36.0],[58.0],[72.0],[60.0],[72.0],[72.0],[25.0],[42.0],[23.0],[71.0],[9.0],[36.0],[9.0],[57.0],[72.0],[71.0],[71.0],[23.0],[29.0],[25.0],[23.0],[42.0],[72.0],[23.0],[48.0],[48.0],[49.0],[42.0],[71.0],[71.0],[79.0],[58.0],[46.0],[62.0],[74.0],[36.0],[89.0],[36.0],[45.0],[78.0],[57.0],[72.0],[36.0],[36.0]
78,[71.0],[49.0],[49.0],[16.0],[79.0],[17.0],[62.0],[82.0],[48.0],[23.0],[9.0],[25.0],[46.0],[72.0],[9.0],[37.0],[79.0],[62.0],[99.0],[100.0],[79.0],[79.0],[9.0],[84.0],[71.0],[25.0],[46.0],[58.0],[71.0],[58.0],[79.0],[74.0],[79.0],[71.0],[36.0],[100.0],[83.0],[72.0],[82.0],[71.0],[71.0],[49.0],[57.0],[42.0],[83.0],[49.0],[79.0],[23.0],[79.0],[30.0],[23.0],[49.0],[79.0],[23.0],[36.0],[74.0],[79.0],[89.0],[83.0],[30.0],[71.0],[71.0],[9.0],[30.0],[91.0],[49.0],[62.0],[37.0],[80.0],[71.0],[36.0],[23.0],[100.0],[25.0],[71.0],[78.0],[25.0],[58.0],[36.0],[9.0],[77.0],[77.0],[72.0],[1.0],[25.0],[83.0],[9.0],[62.0],[42.0],[79.0],[37.0],[79.0],[97.0],[49.0],[89.0],[9.0],[71.0],[71.0],[79.0],[79.0]
79,[77.0],[25.0],[72.0],[83.0],[91.0],[46.0],[58.0],[9.0],[50.0],[71.0],[77.0],[71.0],[42.0],[71.0],[74.0],[78.0],[80.0],[46.0],[96.0],[71.0],[86.0],[25.0],[36.0],[71.0],[23.0],[66.0],[30.0],[100.0],[83.0],[79.0],[89.0],[80.0],[36.0],[83.0],[74.0],[89.0],[9.0],[36.0],[74.0],[36.0],[23.0],[36.0],[36.0],[58.0],[0.0],[82.0],[80.0],[79.0],[71.0],[84.0],[71.0],[78.0],[80.0],[1.0],[79.0],[80.0],[80.0],[46.0],[49.0],[57.0],[25.0],[25.0],[71.0],[77.0],[71.0],[25.0],[84.0],[79.0],[91.0],[78.0],[78.0],[0.0],[23.0],[36.0],[72.0],[57.0],[36.0],[46.0],[79.0],[1.0],[20.0],[20.0],[78.0],[58.0],[100.0],[49.0],[80.0],[71.0],[78.0],[9.0],[25.0],[74.0],[20.0],[25.0],[58.0],[80.0],[72.0],[1.0],[37.0],[80.0]
80,[42.0],[37.0],[78.0],[9.0],[84.0],[77.0],[46.0],[91.0],[45.0],[57.0],[71.0],[49.0],[23.0],[79.0],[80.0],[89.0],[91.0],[42.0],[48.0],[72.0],[58.0],[9.0],[79.0],[23.0],[42.0],[78.0],[42.0],[38.0],[36.0],[100.0],[91.0],[91.0],[80.0],[46.0],[37.0],[46.0],[46.0],[74.0],[80.0],[78.0],[25.0],[78.0],[78.0],[46.0],[79.0],[80.0],[25.0],[46.0],[57.0],[77.0],[91.0],[25.0],[91.0],[71.0],[80.0],[57.0],[57.0],[71.0],[25.0],[36.0],[78.0],[79.0],[57.0],[57.0],[78.0],[72.0],[46.0],[80.0],[57.0],[36.0],[74.0],[42.0],[0.0],[78.0],[78.0],[91.0],[78.0],[23.0],[74.0],[72.0],[9.0],[71.0],[74.0],[23.0],[46.0],[100.0],[57.0],[42.0],[71.0],[58.0],[78.0],[80.0],[58.0],[79.0],[91.0],[57.0],[89.0],[36.0],[9.0],[57.0]
81,[60.0],[78.0],[74.0],[71.0],[80.0],[71.0],[42.0],[57.0],[71.0],[36.0],[89.0],[78.0],[71.0],[80.0],[48.0],[91.0],[57.0],[57.0],[50.0],[36.0],[98.0],[80.0],[84.0],[42.0],[77.0],[80.0],[71.0],[46.0],[80.0],[46.0],[80.0],[57.0],[87.0],[36.0],[25.0],[36.0],[37.0],[80.0],[91.0],[74.0],[78.0],[74.0],[80.0],[84.0],[37.0],[91.0],[57.0],[57.0],[36.0],[86.0],[100.0],[66.0],[75.0],[72.0],[25.0],[90.0],[75.0],[87.0],[78.0],[80.0],[37.0],[36.0],[36.0],[98.0],[36.0],[36.0],[23.0],[91.0],[75.0],[80.0],[80.0],[98.0],[57.0],[91.0],[80.0],[80.0],[80.0],[71.0],[80.0],[79.0],[38.0],[62.0],[80.0],[46.0],[23.0],[37.0],[75.0],[23.0],[57.0],[42.0],[66.0],[91.0],[42.0],[80.0],[84.0],[75.0],[36.0],[89.0],[80.0],[75.0]
82,[87.0],[80.0],[80.0],[46.0],[90.0],[23.0],[71.0],[75.0],[42.0],[87.0],[30.0],[80.0],[78.0],[75.0],[57.0],[80.0],[75.0],[37.0],[71.0],[78.0],[60.0],[48.0],[80.0],[36.0],[87.0],[91.0],[23.0],[71.0],[25.0],[57.0],[75.0],[90.0],[100.0],[57.0],[79.0],[78.0],[57.0],[57.0],[89.0],[100.0],[36.0],[100.0],[75.0],[98.0],[36.0],[57.0],[75.0],[84.0],[87.0],[87.0],[57.0],[80.0],[90.0],[78.0],[75.0],[25.0],[90.0],[36.0],[80.0],[90.0],[80.0],[66.0],[37.0],[36.0],[80.0],[78.0],[57.0],[85.0],[90.0],[89.0],[57.0],[30.0],[84.0],[84.0],[100.0],[75.0],[90.0],[87.0],[57.0],[100.0],[42.0],[42.0],[57.0],[71.0],[84.0],[79.0],[90.0],[57.0],[36.0],[91.0],[80.0],[57.0],[38.0],[75.0],[42.0],[90.0],[79.0],[9.0],[57.0],[90.0]
83,[57.0],[91.0],[89.0],[36.0],[87.0],[84.0],[23.0],[90.0],[60.0],[80.0],[42.0],[75.0],[57.0],[25.0],[84.0],[100.0],[90.0],[71.0],[87.0],[9.0],[0.0],[57.0],[98.0],[87.0],[57.0],[90.0],[84.0],[36.0],[91.0],[80.0],[87.0],[84.0],[93.0],[80.0],[80.0],[80.0],[36.0],[90.0],[84.0],[80.0],[84.0],[80.0],[25.0],[71.0],[57.0],[75.0],[90.0],[80.0],[80.0],[57.0],[79.0],[90.0],[84.0],[46.0],[90.0],[85.0],[84.0],[57.0],[57.0],[87.0],[90.0],[100.0],[46.0],[87.0],[87.0],[74.0],[98.0],[87.0],[84.0],[100.0],[90.0],[60.0],[80.0],[80.0],[57.0],[84.0],[87.0],[57.0],[90.0],[38.0],[71.0],[87.0],[90.0],[84.0],[36.0],[80.0],[84.0],[84.0],[80.0],[71.0],[90.0],[90.0],[71.0],[84.0],[9.0],[25.0],[84.0],[46.0],[100.0],[84.0]
84,[36.0],[90.0],[57.0],[57.0],[100.0],[98.0],[87.0],[84.0],[77.0],[99.0],[46.0],[85.0],[36.0],[90.0],[25.0],[87.0],[84.0],[87.0],[57.0],[57.0],[71.0],[46.0],[90.0],[98.0],[36.0],[75.0],[57.0],[87.0],[84.0],[87.0],[100.0],[25.0],[83.0],[75.0],[90.0],[57.0],[80.0],[84.0],[25.0],[57.0],[89.0],[57.0],[84.0],[87.0],[80.0],[90.0],[100.0],[90.0],[75.0],[99.0],[46.0],[85.0],[95.0],[57.0],[84.0],[95.0],[25.0],[37.0],[84.0],[85.0],[87.0],[84.0],[79.0],[80.0],[57.0],[80.0],[36.0],[95.0],[95.0],[87.0],[84.0],[87.0],[87.0],[90.0],[75.0],[90.0],[100.0],[36.0],[84.0],[0.0],[57.0],[57.0],[84.0],[36.0],[80.0],[46.0],[25.0],[0.0],[87.0],[23.0],[85.0],[84.0],[0.0],[90.0],[71.0],[85.0],[80.0],[79.0],[75.0],[25.0]
85,[80.0],[84.0],[84.0],[75.0],[95.0],[86.0],[57.0],[95.0],[36.0],[83.0],[87.0],[90.0],[80.0],[84.0],[90.0],[85.0],[25.0],[36.0],[77.0],[75.0],[62.0],[75.0],[95.0],[57.0],[80.0],[100.0],[80.0],[80.0],[89.0],[85.0],[83.0],[95.0],[85.0],[84.0],[84.0],[75.0],[84.0],[25.0],[95.0],[46.0],[80.0],[46.0],[90.0],[57.0],[90.0],[25.0],[46.0],[75.0],[99.0],[36.0],[80.0],[87.0],[87.0],[75.0],[95.0],[39.0],[95.0],[99.0],[90.0],[99.0],[100.0],[80.0],[80.0],[84.0],[90.0],[100.0],[80.0],[100.0],[39.0],[75.0],[25.0],[36.0],[75.0],[75.0],[90.0],[87.0],[83.0],[80.0],[25.0],[71.0],[80.0],[36.0],[25.0],[78.0],[87.0],[84.0],[39.0],[80.0],[98.0],[87.0],[98.0],[25.0],[23.0],[39.0],[0.0],[95.0],[46.0],[80.0],[46.0],[95.0]
86,[83.0],[87.0],[95.0],[90.0],[39.0],[87.0],[99.0],[39.0],[90.0],[90.0],[57.0],[39.0],[90.0],[95.0],[39.0],[46.0],[95.0],[84.0],[36.0],[46.0],[87.0],[84.0],[87.0],[80.0],[83.0],[83.0],[87.0],[57.0],[87.0],[99.0],[85.0],[39.0],[90.0],[90.0],[95.0],[98.0],[90.0],[95.0],[39.0],[84.0],[87.0],[84.0],[39.0],[36.0],[84.0],[85.0],[84.0],[87.0],[83.0],[28.0],[84.0],[95.0],[39.0],[90.0],[87.0],[87.0],[39.0],[28.0],[95.0],[83.0],[85.0],[90.0],[84.0],[23.0],[99.0],[57.0],[87.0],[39.0],[87.0],[85.0],[95.0],[80.0],[99.0],[87.0],[0.0],[95.0],[85.0],[99.0],[95.0],[87.0],[87.0],[80.0],[93.0],[57.0],[90.0],[75.0],[93.0],[90.0],[90.0],[80.0],[87.0],[93.0],[62.0],[87.0],[75.0],[39.0],[98.0],[84.0],[84.0],[39.0]
87,[22.0],[95.0],[0.0],[84.0],[62.0],[60.0],[36.0],[81.0],[22.0],[93.0],[99.0],[93.0],[99.0],[87.0],[93.0],[95.0],[81.0],[80.0],[28.0],[90.0],[42.0],[90.0],[39.0],[90.0],[22.0],[39.0],[99.0],[90.0],[100.0],[39.0],[95.0],[87.0],[39.0],[87.0],[39.0],[85.0],[87.0],[39.0],[62.0],[99.0],[100.0],[99.0],[93.0],[80.0],[95.0],[95.0],[87.0],[95.0],[22.0],[37.0],[90.0],[83.0],[100.0],[84.0],[66.0],[83.0],[87.0],[85.0],[100.0],[22.0],[95.0],[46.0],[90.0],[62.0],[85.0],[46.0],[39.0],[83.0],[81.0],[95.0],[39.0],[39.0],[39.0],[100.0],[99.0],[100.0],[95.0],[83.0],[39.0],[36.0],[90.0],[83.0],[87.0],[80.0],[95.0],[90.0],[87.0],[87.0],[83.0],[57.0],[95.0],[87.0],[57.0],[93.0],[99.0],[83.0],[75.0],[57.0],[90.0],[87.0]
88,[27.0],[100.0],[39.0],[87.0],[83.0],[36.0],[28.0],[24.0],[27.0],[22.0],[28.0],[98.0],[85.0],[98.0],[81.0],[99.0],[39.0],[99.0],[39.0],[84.0],[57.0],[95.0],[46.0],[39.0],[27.0],[85.0],[28.0],[99.0],[39.0],[28.0],[39.0],[81.0],[62.0],[93.0],[100.0],[39.0],[95.0],[87.0],[81.0],[93.0],[95.0],[28.0],[87.0],[75.0],[99.0],[83.0],[95.0],[39.0],[85.0],[23.0],[99.0],[100.0],[62.0],[95.0],[81.0],[81.0],[81.0],[23.0],[39.0],[27.0],[39.0],[87.0],[95.0],[27.0],[28.0],[90.0],[75.0],[46.0],[24.0],[46.0],[87.0],[90.0],[90.0],[95.0],[85.0],[39.0],[39.0],[22.0],[81.0],[80.0],[28.0],[39.0],[39.0],[99.0],[39.0],[93.0],[81.0],[95.0],[85.0],[95.0],[39.0],[81.0],[87.0],[81.0],[39.0],[81.0],[87.0],[95.0],[95.0],[81.0]
89,[62.0],[39.0],[87.0],[95.0],[46.0],[95.0],[80.0],[100.0],[62.0],[27.0],[39.0],[83.0],[39.0],[81.0],[100.0],[39.0],[98.0],[90.0],[93.0],[99.0],[39.0],[87.0],[81.0],[22.0],[62.0],[95.0],[22.0],[39.0],[95.0],[83.0],[46.0],[100.0],[46.0],[39.0],[81.0],[95.0],[99.0],[100.0],[98.0],[39.0],[39.0],[90.0],[100.0],[93.0],[39.0],[100.0],[98.0],[81.0],[27.0],[62.0],[39.0],[81.0],[0.0],[39.0],[100.0],[100.0],[100.0],[39.0],[81.0],[39.0],[83.0],[99.0],[98.0],[65.0],[39.0],[39.0],[95.0],[81.0],[100.0],[39.0],[100.0],[62.0],[95.0],[39.0],[22.0],[46.0],[46.0],[27.0],[100.0],[90.0],[95.0],[22.0],[100.0],[22.0],[62.0],[99.0],[100.0],[99.0],[39.0],[99.0],[83.0],[100.0],[99.0],[100.0],[62.0],[98.0],[95.0],[99.0],[87.0],[98.0]
90,[65.0],[46.0],[81.0],[39.0],[22.0],[28.0],[22.0],[23.0],[65.0],[85.0],[75.0],[46.0],[95.0],[46.0],[22.0],[62.0],[66.0],[39.0],[22.0],[28.0],[22.0],[81.0],[24.0],[27.0],[65.0],[46.0],[65.0],[28.0],[0.0],[95.0],[22.0],[22.0],[22.0],[99.0],[46.0],[22.0],[23.0],[22.0],[22.0],[28.0],[46.0],[23.0],[22.0],[22.0],[23.0],[22.0],[28.0],[24.0],[39.0],[83.0],[22.0],[39.0],[81.0],[87.0],[39.0],[22.0],[22.0],[83.0],[0.0],[62.0],[46.0],[39.0],[39.0],[39.0],[22.0],[95.0],[22.0],[24.0],[22.0],[83.0],[22.0],[93.0],[28.0],[46.0],[39.0],[81.0],[22.0],[39.0],[22.0],[99.0],[39.0],[27.0],[66.0],[39.0],[83.0],[39.0],[22.0],[39.0],[28.0],[39.0],[46.0],[22.0],[80.0],[22.0],[22.0],[22.0],[28.0],[39.0],[98.0],[23.0]
91,[39.0],[23.0],[98.0],[99.0],[81.0],[22.0],[93.0],[46.0],[39.0],[65.0],[95.0],[22.0],[83.0],[22.0],[46.0],[83.0],[23.0],[28.0],[90.0],[93.0],[27.0],[39.0],[22.0],[95.0],[39.0],[22.0],[95.0],[95.0],[22.0],[81.0],[28.0],[46.0],[28.0],[81.0],[23.0],[83.0],[39.0],[46.0],[46.0],[22.0],[22.0],[65.0],[46.0],[27.0],[27.0],[46.0],[39.0],[22.0],[92.0],[65.0],[95.0],[46.0],[23.0],[22.0],[46.0],[46.0],[46.0],[95.0],[22.0],[92.0],[23.0],[95.0],[23.0],[90.0],[95.0],[23.0],[83.0],[23.0],[0.0],[22.0],[46.0],[22.0],[22.0],[22.0],[95.0],[22.0],[28.0],[92.0],[46.0],[22.0],[62.0],[24.0],[22.0],[27.0],[99.0],[81.0],[46.0],[83.0],[95.0],[22.0],[81.0],[46.0],[28.0],[46.0],[27.0],[46.0],[39.0],[28.0],[81.0],[46.0]
92,[24.0],[28.0],[23.0],[28.0],[27.0],[62.0],[65.0],[27.0],[24.0],[39.0],[83.0],[28.0],[22.0],[27.0],[28.0],[23.0],[0.0],[23.0],[75.0],[39.0],[95.0],[23.0],[28.0],[83.0],[92.0],[28.0],[39.0],[24.0],[27.0],[22.0],[81.0],[28.0],[98.0],[22.0],[28.0],[24.0],[81.0],[28.0],[27.0],[90.0],[28.0],[39.0],[27.0],[39.0],[81.0],[27.0],[81.0],[99.0],[95.0],[39.0],[81.0],[22.0],[27.0],[27.0],[22.0],[28.0],[28.0],[24.0],[27.0],[24.0],[28.0],[28.0],[81.0],[24.0],[83.0],[98.0],[24.0],[28.0],[27.0],[98.0],[28.0],[27.0],[83.0],[27.0],[83.0],[27.0],[81.0],[24.0],[28.0],[95.0],[22.0],[65.0],[46.0],[92.0],[22.0],[23.0],[27.0],[22.0],[22.0],[81.0],[23.0],[27.0],[39.0],[28.0],[95.0],[28.0],[81.0],[81.0],[23.0],[28.0]
93,[95.0],[98.0],[28.0],[22.0],[99.0],[83.0],[39.0],[65.0],[95.0],[81.0],[22.0],[65.0],[27.0],[99.0],[65.0],[28.0],[27.0],[92.0],[62.0],[22.0],[92.0],[27.0],[99.0],[24.0],[24.0],[98.0],[81.0],[22.0],[65.0],[92.0],[99.0],[65.0],[81.0],[28.0],[65.0],[27.0],[27.0],[65.0],[65.0],[92.0],[99.0],[95.0],[65.0],[24.0],[24.0],[65.0],[22.0],[28.0],[24.0],[92.0],[27.0],[28.0],[65.0],[65.0],[28.0],[65.0],[65.0],[81.0],[65.0],[95.0],[98.0],[22.0],[28.0],[95.0],[92.0],[28.0],[81.0],[99.0],[65.0],[27.0],[65.0],[83.0],[81.0],[99.0],[27.0],[65.0],[99.0],[65.0],[65.0],[62.0],[24.0],[85.0],[28.0],[65.0],[28.0],[28.0],[65.0],[81.0],[81.0],[27.0],[28.0],[65.0],[22.0],[99.0],[83.0],[65.0],[22.0],[22.0],[27.0],[65.0]
94,[85.0],[65.0],[65.0],[65.0],[65.0],[92.0],[24.0],[98.0],[81.0],[24.0],[92.0],[99.0],[65.0],[65.0],[99.0],[65.0],[99.0],[65.0],[83.0],[65.0],[24.0],[98.0],[65.0],[65.0],[95.0],[81.0],[92.0],[65.0],[99.0],[24.0],[65.0],[98.0],[65.0],[65.0],[98.0],[92.0],[65.0],[99.0],[99.0],[81.0],[65.0],[81.0],[99.0],[65.0],[65.0],[98.0],[65.0],[92.0],[81.0],[24.0],[65.0],[98.0],[99.0],[99.0],[98.0],[98.0],[98.0],[65.0],[99.0],[65.0],[65.0],[81.0],[65.0],[81.0],[24.0],[65.0],[27.0],[65.0],[98.0],[65.0],[99.0],[92.0],[65.0],[65.0],[65.0],[98.0],[65.0],[95.0],[98.0],[27.0],[81.0],[95.0],[99.0],[95.0],[65.0],[65.0],[98.0],[27.0],[65.0],[65.0],[99.0],[98.0],[92.0],[65.0],[92.0],[99.0],[24.0],[92.0],[65.0],[99.0]
95,[88.0],[97.0],[97.0],[97.0],[92.0],[65.0],[88.0],[97.0],[88.0],[97.0],[24.0],[92.0],[88.0],[92.0],[97.0],[97.0],[97.0],[95.0],[97.0],[97.0],[65.0],[88.0],[92.0],[92.0],[85.0],[92.0],[24.0],[97.0],[97.0],[65.0],[92.0],[92.0],[92.0],[92.0],[97.0],[65.0],[88.0],[92.0],[97.0],[65.0],[97.0],[92.0],[92.0],[88.0],[97.0],[92.0],[92.0],[65.0],[65.0],[95.0],[92.0],[92.0],[92.0],[92.0],[97.0],[92.0],[92.0],[97.0],[92.0],[81.0],[97.0],[92.0],[97.0],[97.0],[65.0],[97.0],[97.0],[88.0],[97.0],[92.0],[97.0],[24.0],[97.0],[92.0],[92.0],[92.0],[92.0],[85.0],[97.0],[97.0],[97.0],[88.0],[92.0],[81.0],[92.0],[92.0],[92.0],[88.0],[97.0],[88.0],[92.0],[92.0],[95.0],[97.0],[24.0],[97.0],[92.0],[65.0],[97.0],[92.0]
96,[97.0],[88.0],[88.0],[88.0],[88.0],[88.0],[97.0],[88.0],[97.0],[88.0],[88.0],[89.0],[97.0],[88.0],[89.0],[88.0],[88.0],[89.0],[89.0],[88.0],[88.0],[97.0],[88.0],[89.0],[88.0],[88.0],[88.0],[89.0],[88.0],[88.0],[88.0],[88.0],[89.0],[88.0],[88.0],[88.0],[97.0],[88.0],[88.0],[89.0],[88.0],[88.0],[89.0],[97.0],[88.0],[88.0],[88.0],[88.0],[88.0],[88.0],[88.0],[88.0],[88.0],[88.0],[88.0],[88.0],[88.0],[88.0],[88.0],[88.0],[88.0],[88.0],[88.0],[89.0],[88.0],[88.0],[88.0],[97.0],[88.0],[88.0],[88.0],[89.0],[89.0],[88.0],[88.0],[89.0],[88.0],[88.0],[88.0],[88.0],[93.0],[97.0],[88.0],[88.0],[88.0],[88.0],[88.0],[97.0],[88.0],[97.0],[88.0],[88.0],[88.0],[88.0],[88.0],[88.0],[88.0],[88.0],[89.0],[88.0]
97,[94.0],[94.0],[94.0],[94.0],[94.0],[93.0],[94.0],[94.0],[94.0],[94.0],[94.0],[94.0],[94.0],[94.0],[94.0],[94.0],[94.0],[94.0],[94.0],[94.0],[94.0],[94.0],[94.0],[93.0],[94.0],[94.0],[94.0],[94.0],[94.0],[94.0],[94.0],[94.0],[94.0],[94.0],[94.0],[94.0],[94.0],[94.0],[94.0],[94.0],[94.0],[94.0],[94.0],[94.0],[94.0],[94.0],[94.0],[94.0],[94.0],[94.0],[94.0],[94.0],[94.0],[94.0],[94.0],[94.0],[94.0],[93.0],[94.0],[94.0],[94.0],[94.0],[94.0],[94.0],[93.0],[94.0],[93.0],[94.0],[94.0],[94.0],[94.0],[94.0],[93.0],[94.0],[94.0],[94.0],[94.0],[94.0],[94.0],[94.0],[89.0],[94.0],[94.0],[94.0],[94.0],[94.0],[94.0],[94.0],[94.0],[94.0],[94.0],[94.0],[94.0],[94.0],[94.0],[94.0],[94.0],[94.0],[94.0],[94.0]
